,uri,relation,start,end,weights
0,"/a/[/r/AtLocation/,/c/en/airplane/,/c/en/sky/]",/r/AtLocation,/c/en/airplane,/c/en/sky,7.483
1,"/a/[/r/AtLocation/,/c/en/bag/,/c/en/bed/]",/r/AtLocation,/c/en/bag,/c/en/bed,1.0
2,"/a/[/r/AtLocation/,/c/en/bag/,/c/en/desk/]",/r/AtLocation,/c/en/bag,/c/en/desk,1.0
3,"/a/[/r/AtLocation/,/c/en/bag/,/c/en/shelf/]",/r/AtLocation,/c/en/bag,/c/en/shelf,1.0
4,"/a/[/r/AtLocation/,/c/en/ball/,/c/en/street/]",/r/AtLocation,/c/en/ball,/c/en/street,2.828
5,"/a/[/r/AtLocation/,/c/en/bicycle/,/c/en/street/]",/r/AtLocation,/c/en/bicycle,/c/en/street,6.633
6,"/a/[/r/AtLocation/,/c/en/bike/,/c/en/street/]",/r/AtLocation,/c/en/bike,/c/en/street,2.0
7,"/a/[/r/AtLocation/,/c/en/bowl/,/c/en/cabinet/]",/r/AtLocation,/c/en/bowl,/c/en/cabinet,1.0
8,"/a/[/r/AtLocation/,/c/en/bowl/,/c/en/refrigerator/]",/r/AtLocation,/c/en/bowl,/c/en/refrigerator,1.0
9,"/a/[/r/AtLocation/,/c/en/bowl/,/c/en/sink/]",/r/AtLocation,/c/en/bowl,/c/en/sink,1.0
10,"/a/[/r/AtLocation/,/c/en/bowl/,/c/en/table/]",/r/AtLocation,/c/en/bowl,/c/en/table,1.0
11,"/a/[/r/AtLocation/,/c/en/box/,/c/en/mail/]",/r/AtLocation,/c/en/box,/c/en/mail,1.0
12,"/a/[/r/AtLocation/,/c/en/bus/,/c/en/computer/]",/r/AtLocation,/c/en/bus,/c/en/computer,1.0
13,"/a/[/r/AtLocation/,/c/en/bus/,/c/en/street/]",/r/AtLocation,/c/en/bus,/c/en/street,1.0
14,"/a/[/r/AtLocation/,/c/en/bus/,/c/en/use/]",/r/AtLocation,/c/en/bus,/c/en/use,1.0
15,"/a/[/r/AtLocation/,/c/en/bus/n/wn/artifact/,/c/en/road/n/wn/artifact/]",/r/AtLocation,/c/en/bus/n/wn/artifact,/c/en/road/n/wn/artifact,2.0
16,"/a/[/r/AtLocation/,/c/en/cabinet/,/c/en/corner/]",/r/AtLocation,/c/en/cabinet,/c/en/corner,2.0
17,"/a/[/r/AtLocation/,/c/en/camera/,/c/en/suitcase/]",/r/AtLocation,/c/en/camera,/c/en/suitcase,2.0
18,"/a/[/r/AtLocation/,/c/en/can/,/c/en/shelf/]",/r/AtLocation,/c/en/can,/c/en/shelf,2.0
19,"/a/[/r/AtLocation/,/c/en/car/,/c/en/road/]",/r/AtLocation,/c/en/car,/c/en/road,4.472
20,"/a/[/r/AtLocation/,/c/en/cat/,/c/en/bag/]",/r/AtLocation,/c/en/cat,/c/en/bag,3.464
21,"/a/[/r/AtLocation/,/c/en/cat/,/c/en/bed/]",/r/AtLocation,/c/en/cat,/c/en/bed,9.381
22,"/a/[/r/AtLocation/,/c/en/cat/,/c/en/box/]",/r/AtLocation,/c/en/cat,/c/en/box,1.0
23,"/a/[/r/AtLocation/,/c/en/cat/,/c/en/car/]",/r/AtLocation,/c/en/cat,/c/en/car,1.0
24,"/a/[/r/AtLocation/,/c/en/cat/,/c/en/chair/]",/r/AtLocation,/c/en/cat,/c/en/chair,4.472
25,"/a/[/r/AtLocation/,/c/en/cat/,/c/en/desk/]",/r/AtLocation,/c/en/cat,/c/en/desk,1.0
26,"/a/[/r/AtLocation/,/c/en/cat/,/c/en/grass/]",/r/AtLocation,/c/en/cat,/c/en/grass,1.0
27,"/a/[/r/AtLocation/,/c/en/cat/,/c/en/roof/]",/r/AtLocation,/c/en/cat,/c/en/roof,2.828
28,"/a/[/r/AtLocation/,/c/en/cat/,/c/en/shelf/]",/r/AtLocation,/c/en/cat,/c/en/shelf,1.0
29,"/a/[/r/AtLocation/,/c/en/cat/,/c/en/sofa/]",/r/AtLocation,/c/en/cat,/c/en/sofa,2.0
30,"/a/[/r/AtLocation/,/c/en/cat/,/c/en/table/]",/r/AtLocation,/c/en/cat,/c/en/table,4.472
31,"/a/[/r/AtLocation/,/c/en/cat/,/c/en/trashcan/]",/r/AtLocation,/c/en/cat,/c/en/trashcan,1.0
32,"/a/[/r/AtLocation/,/c/en/ceiling/,/c/en/building/]",/r/AtLocation,/c/en/ceiling,/c/en/building,4.0
33,"/a/[/r/AtLocation/,/c/en/chair/,/c/en/building/]",/r/AtLocation,/c/en/chair,/c/en/building,1.0
34,"/a/[/r/AtLocation/,/c/en/chair/,/c/en/corner/]",/r/AtLocation,/c/en/chair,/c/en/corner,1.0
35,"/a/[/r/AtLocation/,/c/en/chair/,/c/en/desk/]",/r/AtLocation,/c/en/chair,/c/en/desk,6.633
36,"/a/[/r/AtLocation/,/c/en/clock/,/c/en/car/]",/r/AtLocation,/c/en/clock,/c/en/car,1.0
37,"/a/[/r/AtLocation/,/c/en/clock/,/c/en/desk/]",/r/AtLocation,/c/en/clock,/c/en/desk,4.472
38,"/a/[/r/AtLocation/,/c/en/clock/,/c/en/shelf/]",/r/AtLocation,/c/en/clock,/c/en/shelf,2.828
39,"/a/[/r/AtLocation/,/c/en/clock/,/c/en/table/]",/r/AtLocation,/c/en/clock,/c/en/table,1.0
40,"/a/[/r/AtLocation/,/c/en/column/,/c/en/table/]",/r/AtLocation,/c/en/column,/c/en/table,1.0
41,"/a/[/r/AtLocation/,/c/en/computer/,/c/en/box/]",/r/AtLocation,/c/en/computer,/c/en/box,1.0
42,"/a/[/r/AtLocation/,/c/en/computer/,/c/en/building/]",/r/AtLocation,/c/en/computer,/c/en/building,4.472
43,"/a/[/r/AtLocation/,/c/en/computer/,/c/en/car/]",/r/AtLocation,/c/en/computer,/c/en/car,1.0
44,"/a/[/r/AtLocation/,/c/en/computer/,/c/en/table/]",/r/AtLocation,/c/en/computer,/c/en/table,4.899
45,"/a/[/r/AtLocation/,/c/en/cup/,/c/en/counter/]",/r/AtLocation,/c/en/cup,/c/en/counter,1.0
46,"/a/[/r/AtLocation/,/c/en/cup/,/c/en/shelf/]",/r/AtLocation,/c/en/cup,/c/en/shelf,2.828
47,"/a/[/r/AtLocation/,/c/en/cup/,/c/en/sink/]",/r/AtLocation,/c/en/cup,/c/en/sink,1.0
48,"/a/[/r/AtLocation/,/c/en/cup/,/c/en/table/]",/r/AtLocation,/c/en/cup,/c/en/table,4.0
49,"/a/[/r/AtLocation/,/c/en/dog/,/c/en/bed/]",/r/AtLocation,/c/en/dog,/c/en/bed,2.0
50,"/a/[/r/AtLocation/,/c/en/dog/,/c/en/desk/]",/r/AtLocation,/c/en/dog,/c/en/desk,1.0
51,"/a/[/r/AtLocation/,/c/en/dog/,/c/en/table/]",/r/AtLocation,/c/en/dog,/c/en/table,5.657
52,"/a/[/r/AtLocation/,/c/en/eat/,/c/en/plate/]",/r/AtLocation,/c/en/eat,/c/en/plate,1.0
53,"/a/[/r/AtLocation/,/c/en/engine/,/c/en/plane/]",/r/AtLocation,/c/en/engine,/c/en/plane,2.828
54,"/a/[/r/AtLocation/,/c/en/faucet/,/c/en/sink/]",/r/AtLocation,/c/en/faucet,/c/en/sink,3.464
55,"/a/[/r/AtLocation/,/c/en/fly/,/c/en/sky/]",/r/AtLocation,/c/en/fly,/c/en/sky,1.0
56,"/a/[/r/AtLocation/,/c/en/glass/,/c/en/cabinet/]",/r/AtLocation,/c/en/glass,/c/en/cabinet,4.0
57,"/a/[/r/AtLocation/,/c/en/glass/,/c/en/hand/]",/r/AtLocation,/c/en/glass,/c/en/hand,1.0
58,"/a/[/r/AtLocation/,/c/en/glass/,/c/en/sink/]",/r/AtLocation,/c/en/glass,/c/en/sink,1.0
59,"/a/[/r/AtLocation/,/c/en/glass/,/c/en/street/]",/r/AtLocation,/c/en/glass,/c/en/street,1.0
60,"/a/[/r/AtLocation/,/c/en/glass/,/c/en/table/]",/r/AtLocation,/c/en/glass,/c/en/table,2.0
61,"/a/[/r/AtLocation/,/c/en/glasses/,/c/en/cabinet/]",/r/AtLocation,/c/en/glasses,/c/en/cabinet,6.325
62,"/a/[/r/AtLocation/,/c/en/grass/,/c/en/tree/]",/r/AtLocation,/c/en/grass,/c/en/tree,2.0
63,"/a/[/r/AtLocation/,/c/en/hat/,/c/en/box/]",/r/AtLocation,/c/en/hat,/c/en/box,1.0
64,"/a/[/r/AtLocation/,/c/en/hat/,/c/en/shelf/]",/r/AtLocation,/c/en/hat,/c/en/shelf,1.0
65,"/a/[/r/AtLocation/,/c/en/hat/,/c/en/suitcase/]",/r/AtLocation,/c/en/hat,/c/en/suitcase,1.0
66,"/a/[/r/AtLocation/,/c/en/horse/,/c/en/cavalry/]",/r/AtLocation,/c/en/horse,/c/en/cavalry,5.292
67,"/a/[/r/AtLocation/,/c/en/jacket/,/c/en/person/]",/r/AtLocation,/c/en/jacket,/c/en/person,1.0
68,"/a/[/r/AtLocation/,/c/en/keyboard/,/c/en/desk/]",/r/AtLocation,/c/en/keyboard,/c/en/desk,4.0
69,"/a/[/r/AtLocation/,/c/en/kite/,/c/en/sky/]",/r/AtLocation,/c/en/kite,/c/en/sky,2.0
70,"/a/[/r/AtLocation/,/c/en/lamp/,/c/en/building/]",/r/AtLocation,/c/en/lamp,/c/en/building,2.828
71,"/a/[/r/AtLocation/,/c/en/lamp/,/c/en/corner/]",/r/AtLocation,/c/en/lamp,/c/en/corner,2.0
72,"/a/[/r/AtLocation/,/c/en/lamp/,/c/en/desk/]",/r/AtLocation,/c/en/lamp,/c/en/desk,4.0
73,"/a/[/r/AtLocation/,/c/en/lamp/,/c/en/shelf/]",/r/AtLocation,/c/en/lamp,/c/en/shelf,1.0
74,"/a/[/r/AtLocation/,/c/en/lamp/,/c/en/table/]",/r/AtLocation,/c/en/lamp,/c/en/table,4.0
75,"/a/[/r/AtLocation/,/c/en/laptop/,/c/en/desk/]",/r/AtLocation,/c/en/laptop,/c/en/desk,1.0
76,"/a/[/r/AtLocation/,/c/en/luggage/,/c/en/airplane/]",/r/AtLocation,/c/en/luggage,/c/en/airplane,1.0
77,"/a/[/r/AtLocation/,/c/en/luggage/,/c/en/plane/]",/r/AtLocation,/c/en/luggage,/c/en/plane,1.0
78,"/a/[/r/AtLocation/,/c/en/mail/,/c/en/mail/]",/r/AtLocation,/c/en/mail,/c/en/mail,1.0
79,"/a/[/r/AtLocation/,/c/en/mail/,/c/en/table/]",/r/AtLocation,/c/en/mail,/c/en/table,2.828
80,"/a/[/r/AtLocation/,/c/en/monitor/,/c/en/box/]",/r/AtLocation,/c/en/monitor,/c/en/box,2.0
81,"/a/[/r/AtLocation/,/c/en/monitor/,/c/en/desk/]",/r/AtLocation,/c/en/monitor,/c/en/desk,4.472
82,"/a/[/r/AtLocation/,/c/en/mouse/,/c/en/box/]",/r/AtLocation,/c/en/mouse,/c/en/box,1.0
83,"/a/[/r/AtLocation/,/c/en/mouse/,/c/en/building/]",/r/AtLocation,/c/en/mouse,/c/en/building,1.0
84,"/a/[/r/AtLocation/,/c/en/mouse/,/c/en/cat/]",/r/AtLocation,/c/en/mouse,/c/en/cat,2.0
85,"/a/[/r/AtLocation/,/c/en/mouse/,/c/en/computer/]",/r/AtLocation,/c/en/mouse,/c/en/computer,2.0
86,"/a/[/r/AtLocation/,/c/en/mouse/,/c/en/desk/]",/r/AtLocation,/c/en/mouse,/c/en/desk,4.472
87,"/a/[/r/AtLocation/,/c/en/mouse/,/c/en/grass/]",/r/AtLocation,/c/en/mouse,/c/en/grass,1.0
88,"/a/[/r/AtLocation/,/c/en/mouse/,/c/en/in/]",/r/AtLocation,/c/en/mouse,/c/en/in,1.0
89,"/a/[/r/AtLocation/,/c/en/mouse/,/c/en/pants/]",/r/AtLocation,/c/en/mouse,/c/en/pants,1.0
90,"/a/[/r/AtLocation/,/c/en/mouse/,/c/en/shelf/]",/r/AtLocation,/c/en/mouse,/c/en/shelf,1.0
91,"/a/[/r/AtLocation/,/c/en/mouse/,/c/en/use/]",/r/AtLocation,/c/en/mouse,/c/en/use,1.0
92,"/a/[/r/AtLocation/,/c/en/oven/,/c/en/stove/]",/r/AtLocation,/c/en/oven,/c/en/stove,1.0
93,"/a/[/r/AtLocation/,/c/en/pants/,/c/en/suitcase/]",/r/AtLocation,/c/en/pants,/c/en/suitcase,2.0
94,"/a/[/r/AtLocation/,/c/en/paper/,/c/en/cabinet/]",/r/AtLocation,/c/en/paper,/c/en/cabinet,2.828
95,"/a/[/r/AtLocation/,/c/en/paper/,/c/en/suitcase/]",/r/AtLocation,/c/en/paper,/c/en/suitcase,2.0
96,"/a/[/r/AtLocation/,/c/en/person/,/c/en/building/]",/r/AtLocation,/c/en/person,/c/en/building,2.0
97,"/a/[/r/AtLocation/,/c/en/person/,/c/en/desk/]",/r/AtLocation,/c/en/person,/c/en/desk,1.0
98,"/a/[/r/AtLocation/,/c/en/phone/,/c/en/desk/]",/r/AtLocation,/c/en/phone,/c/en/desk,7.483
99,"/a/[/r/AtLocation/,/c/en/pillow/,/c/en/plane/]",/r/AtLocation,/c/en/pillow,/c/en/plane,1.0
100,"/a/[/r/AtLocation/,/c/en/pizza/,/c/en/oven/]",/r/AtLocation,/c/en/pizza,/c/en/oven,4.0
101,"/a/[/r/AtLocation/,/c/en/pizza/,/c/en/plate/]",/r/AtLocation,/c/en/pizza,/c/en/plate,2.0
102,"/a/[/r/AtLocation/,/c/en/plane/,/c/en/sky/]",/r/AtLocation,/c/en/plane,/c/en/sky,2.828
103,"/a/[/r/AtLocation/,/c/en/plant/,/c/en/pot/]",/r/AtLocation,/c/en/plant,/c/en/pot,3.464
104,"/a/[/r/AtLocation/,/c/en/plant/,/c/en/shelf/]",/r/AtLocation,/c/en/plant,/c/en/shelf,1.0
105,"/a/[/r/AtLocation/,/c/en/plant/,/c/en/table/]",/r/AtLocation,/c/en/plant,/c/en/table,1.0
106,"/a/[/r/AtLocation/,/c/en/plate/,/c/en/cabinet/]",/r/AtLocation,/c/en/plate,/c/en/cabinet,2.0
107,"/a/[/r/AtLocation/,/c/en/plate/,/c/en/sink/]",/r/AtLocation,/c/en/plate,/c/en/sink,1.0
108,"/a/[/r/AtLocation/,/c/en/plate/,/c/en/table/]",/r/AtLocation,/c/en/plate,/c/en/table,7.211
109,"/a/[/r/AtLocation/,/c/en/president/,/c/en/building/]",/r/AtLocation,/c/en/president,/c/en/building,1.0
110,"/a/[/r/AtLocation/,/c/en/roof/,/c/en/airplane/]",/r/AtLocation,/c/en/roof,/c/en/airplane,1.0
111,"/a/[/r/AtLocation/,/c/en/sand/,/c/en/shoes/]",/r/AtLocation,/c/en/sand,/c/en/shoes,1.0
112,"/a/[/r/AtLocation/,/c/en/sand/,/c/en/street/]",/r/AtLocation,/c/en/sand,/c/en/street,1.0
113,"/a/[/r/AtLocation/,/c/en/sand/,/c/en/tree/]",/r/AtLocation,/c/en/sand,/c/en/tree,1.0
114,"/a/[/r/AtLocation/,/c/en/setting/,/c/en/table/]",/r/AtLocation,/c/en/setting,/c/en/table,1.0
115,"/a/[/r/AtLocation/,/c/en/shelf/,/c/en/cabinet/]",/r/AtLocation,/c/en/shelf,/c/en/cabinet,1.0
116,"/a/[/r/AtLocation/,/c/en/shelf/,/c/en/corner/]",/r/AtLocation,/c/en/shelf,/c/en/corner,2.0
117,"/a/[/r/AtLocation/,/c/en/shelf/,/c/en/refrigerator/]",/r/AtLocation,/c/en/shelf,/c/en/refrigerator,2.0
118,"/a/[/r/AtLocation/,/c/en/shirt/,/c/en/suitcase/]",/r/AtLocation,/c/en/shirt,/c/en/suitcase,2.0
119,"/a/[/r/AtLocation/,/c/en/shoes/,/c/en/bed/]",/r/AtLocation,/c/en/shoes,/c/en/bed,4.472
120,"/a/[/r/AtLocation/,/c/en/shoes/,/c/en/box/]",/r/AtLocation,/c/en/shoes,/c/en/box,2.0
121,"/a/[/r/AtLocation/,/c/en/shoes/,/c/en/desk/]",/r/AtLocation,/c/en/shoes,/c/en/desk,1.0
122,"/a/[/r/AtLocation/,/c/en/shoes/,/c/en/suitcase/]",/r/AtLocation,/c/en/shoes,/c/en/suitcase,1.0
123,"/a/[/r/AtLocation/,/c/en/shoes/,/c/en/table/]",/r/AtLocation,/c/en/shoes,/c/en/table,2.0
124,"/a/[/r/AtLocation/,/c/en/steering_wheel/,/c/en/bus/]",/r/AtLocation,/c/en/steering_wheel,/c/en/bus,2.0
125,"/a/[/r/AtLocation/,/c/en/string/,/c/en/kite/]",/r/AtLocation,/c/en/string,/c/en/kite,1.0
126,"/a/[/r/AtLocation/,/c/en/suitcase/,/c/en/airplane/]",/r/AtLocation,/c/en/suitcase,/c/en/airplane,1.0
127,"/a/[/r/AtLocation/,/c/en/sunglasses/,/c/en/bag/]",/r/AtLocation,/c/en/sunglasses,/c/en/bag,1.0
128,"/a/[/r/AtLocation/,/c/en/sunglasses/,/c/en/car/]",/r/AtLocation,/c/en/sunglasses,/c/en/car,1.0
129,"/a/[/r/AtLocation/,/c/en/table/,/c/en/building/]",/r/AtLocation,/c/en/table,/c/en/building,1.0
130,"/a/[/r/AtLocation/,/c/en/table/,/c/en/corner/]",/r/AtLocation,/c/en/table,/c/en/corner,2.0
131,"/a/[/r/AtLocation/,/c/en/telephone/,/c/en/desk/]",/r/AtLocation,/c/en/telephone,/c/en/desk,9.381
132,"/a/[/r/AtLocation/,/c/en/terrace/,/c/en/building/]",/r/AtLocation,/c/en/terrace,/c/en/building,2.0
133,"/a/[/r/AtLocation/,/c/en/toilet/,/c/en/stadium/]",/r/AtLocation,/c/en/toilet,/c/en/stadium,2.0
134,"/a/[/r/AtLocation/,/c/en/traffic_light/,/c/en/street/]",/r/AtLocation,/c/en/traffic_light,/c/en/street,1.0
135,"/a/[/r/AtLocation/,/c/en/truck/,/c/en/road/]",/r/AtLocation,/c/en/truck,/c/en/road,1.0
136,"/a/[/r/AtLocation/,/c/en/umbrella/,/c/en/car/]",/r/AtLocation,/c/en/umbrella,/c/en/car,2.828
137,"/a/[/r/AtLocation/,/c/en/umbrella/,/c/en/suitcase/]",/r/AtLocation,/c/en/umbrella,/c/en/suitcase,1.0
138,"/a/[/r/AtLocation/,/c/en/vase/,/c/en/cabinet/]",/r/AtLocation,/c/en/vase,/c/en/cabinet,1.0
139,"/a/[/r/AtLocation/,/c/en/vase/,/c/en/shelf/]",/r/AtLocation,/c/en/vase,/c/en/shelf,2.0
140,"/a/[/r/AtLocation/,/c/en/vase/,/c/en/table/]",/r/AtLocation,/c/en/vase,/c/en/table,4.472
141,"/a/[/r/AtLocation/,/c/en/wheel/,/c/en/boat/]",/r/AtLocation,/c/en/wheel,/c/en/boat,1.0
142,"/a/[/r/CapableOf/,/c/en/bag/,/c/en/carry/]",/r/CapableOf,/c/en/bag,/c/en/carry,1.0
143,"/a/[/r/CapableOf/,/c/en/drive/,/c/en/street/]",/r/CapableOf,/c/en/drive,/c/en/street,1.0
144,"/a/[/r/CapableOf/,/c/en/fly/,/c/en/fly/]",/r/CapableOf,/c/en/fly,/c/en/fly,3.464
145,"/a/[/r/CapableOf/,/c/en/hand/,/c/en/hand/]",/r/CapableOf,/c/en/hand,/c/en/hand,2.0
146,"/a/[/r/CapableOf/,/c/en/kite/,/c/en/fly/]",/r/CapableOf,/c/en/kite,/c/en/fly,4.472
147,"/a/[/r/CapableOf/,/c/en/person/,/c/en/eat/]",/r/CapableOf,/c/en/person,/c/en/eat,1.0
148,"/a/[/r/CapableOf/,/c/en/person/,/c/en/hand/]",/r/CapableOf,/c/en/person,/c/en/hand,1.0
149,"/a/[/r/CapableOf/,/c/en/plane/,/c/en/fly/]",/r/CapableOf,/c/en/plane,/c/en/fly,2.0
150,"/a/[/r/HasA/,/c/en/car/,/c/en/engine/]",/r/HasA,/c/en/car,/c/en/engine,2.0
151,"/a/[/r/HasA/,/c/en/car/,/c/en/roof/]",/r/HasA,/c/en/car,/c/en/roof,1.0
152,"/a/[/r/HasA/,/c/en/clock/,/c/en/face/]",/r/HasA,/c/en/clock,/c/en/face,1.0
153,"/a/[/r/HasA/,/c/en/computer/,/c/en/keyboard/]",/r/HasA,/c/en/computer,/c/en/keyboard,2.0
154,"/a/[/r/HasA/,/c/en/computer/,/c/en/monitor/]",/r/HasA,/c/en/computer,/c/en/monitor,1.0
155,"/a/[/r/HasA/,/c/en/computer/,/c/en/mouse/]",/r/HasA,/c/en/computer,/c/en/mouse,1.0
156,"/a/[/r/IsA/,/c/en/bag/n/wn/artifact/,/c/en/baggage/n/wn/artifact/]",/r/IsA,/c/en/bag/n/wn/artifact,/c/en/baggage/n/wn/artifact,2.0
157,"/a/[/r/IsA/,/c/en/bear/n/opencyc/dispositionally_pessimistic_securities_trader/,/c/en/person/n/]",/r/IsA,/c/en/bear/n/opencyc/dispositionally_pessimistic_securities_trader,/c/en/person/n,1.0
158,"/a/[/r/IsA/,/c/en/bed/,/c/en/place/]",/r/IsA,/c/en/bed,/c/en/place,4.472
159,"/a/[/r/IsA/,/c/en/bicycle/,/c/en/bike/]",/r/IsA,/c/en/bicycle,/c/en/bike,1.0
160,"/a/[/r/IsA/,/c/en/bike/,/c/en/bicycle/]",/r/IsA,/c/en/bike,/c/en/bicycle,1.0
161,"/a/[/r/IsA/,/c/en/bowl/n/wn/artifact/,/c/en/ball/n/wn/artifact/]",/r/IsA,/c/en/bowl/n/wn/artifact,/c/en/ball/n/wn/artifact,2.0
162,"/a/[/r/IsA/,/c/en/box/n/,/c/en/tree/]",/r/IsA,/c/en/box/n,/c/en/tree,1.0
163,"/a/[/r/IsA/,/c/en/box/n/wn/plant/,/c/en/shrub/n/wn/plant/]",/r/IsA,/c/en/box/n/wn/plant,/c/en/shrub/n/wn/plant,2.0
164,"/a/[/r/IsA/,/c/en/bus/,/c/en/car/]",/r/IsA,/c/en/bus,/c/en/car,1.0
165,"/a/[/r/IsA/,/c/en/bus/n/wn/artifact/,/c/en/car/n/wn/artifact/]",/r/IsA,/c/en/bus/n/wn/artifact,/c/en/car/n/wn/artifact,2.0
166,"/a/[/r/IsA/,/c/en/bush/,/c/en/president/]",/r/IsA,/c/en/bush,/c/en/president,1.0
167,"/a/[/r/IsA/,/c/en/cabinet/n/opencyc/cabinet_piece_of_furniture/,/c/en/box/n/]",/r/IsA,/c/en/cabinet/n/opencyc/cabinet_piece_of_furniture,/c/en/box/n,1.0
168,"/a/[/r/IsA/,/c/en/cabinet/n/opencyc/cabinet_storage_construction/,/c/en/box/n/]",/r/IsA,/c/en/cabinet/n/opencyc/cabinet_storage_construction,/c/en/box/n,1.0
169,"/a/[/r/IsA/,/c/en/cart/,/c/en/box/]",/r/IsA,/c/en/cart,/c/en/box,1.0
170,"/a/[/r/IsA/,/c/en/chair/,/c/en/place/]",/r/IsA,/c/en/chair,/c/en/place,1.0
171,"/a/[/r/IsA/,/c/en/counter/n/wn/artifact/,/c/en/table/n/wn/artifact/]",/r/IsA,/c/en/counter/n/wn/artifact,/c/en/table/n/wn/artifact,2.0
172,"/a/[/r/IsA/,/c/en/counter/n/wn/person/,/c/en/person/n/wn/]",/r/IsA,/c/en/counter/n/wn/person,/c/en/person/n/wn,2.0
173,"/a/[/r/IsA/,/c/en/crown/,/c/en/hat/]",/r/IsA,/c/en/crown,/c/en/hat,1.0
174,"/a/[/r/IsA/,/c/en/desk/,/c/en/place/]",/r/IsA,/c/en/desk,/c/en/place,1.0
175,"/a/[/r/IsA/,/c/en/desk/,/c/en/table/]",/r/IsA,/c/en/desk,/c/en/table,2.828
176,"/a/[/r/IsA/,/c/en/desk/n/,/c/en/table/n/opencyc/table_piece_of_furniture/]",/r/IsA,/c/en/desk/n,/c/en/table/n/opencyc/table_piece_of_furniture,1.0
177,"/a/[/r/IsA/,/c/en/desk/n/wn/artifact/,/c/en/table/n/wn/artifact/]",/r/IsA,/c/en/desk/n/wn/artifact,/c/en/table/n/wn/artifact,2.0
178,"/a/[/r/IsA/,/c/en/drive/n/wn/artifact/,/c/en/road/n/wn/artifact/]",/r/IsA,/c/en/drive/n/wn/artifact,/c/en/road/n/wn/artifact,2.0
179,"/a/[/r/IsA/,/c/en/face/n/wn/person/,/c/en/person/n/wn/]",/r/IsA,/c/en/face/n/wn/person,/c/en/person/n/wn,2.0
180,"/a/[/r/IsA/,/c/en/fly/n/wn/baseball/,/c/en/hit/n/wn/act/]",/r/IsA,/c/en/fly/n/wn/baseball,/c/en/hit/n/wn/act,2.0
181,"/a/[/r/IsA/,/c/en/glass/n/opencyc/silicate_glass/,/c/en/glass/n/]",/r/IsA,/c/en/glass/n/opencyc/silicate_glass,/c/en/glass/n,1.0
182,"/a/[/r/IsA/,/c/en/grass/,/c/en/plant/]",/r/IsA,/c/en/grass,/c/en/plant,2.828
183,"/a/[/r/IsA/,/c/en/hand/n/wn/cognition/,/c/en/side/n/wn/cognition/]",/r/IsA,/c/en/hand/n/wn/cognition,/c/en/side/n/wn/cognition,2.0
184,"/a/[/r/IsA/,/c/en/hand/n/wn/location/,/c/en/side/n/wn/location/]",/r/IsA,/c/en/hand/n/wn/location,/c/en/side/n/wn/location,2.0
185,"/a/[/r/IsA/,/c/en/helmet/,/c/en/hat/]",/r/IsA,/c/en/helmet,/c/en/hat,2.828
186,"/a/[/r/IsA/,/c/en/hit/n/wn/act/,/c/en/touch/n/wn/act/]",/r/IsA,/c/en/hit/n/wn/act,/c/en/touch/n/wn/act,2.0
187,"/a/[/r/IsA/,/c/en/home_plate/n/wn/baseball/,/c/en/base/n/wn/artifact/]",/r/IsA,/c/en/home_plate/n/wn/baseball,/c/en/base/n/wn/artifact,2.0
188,"/a/[/r/IsA/,/c/en/jacket/n/,/c/en/coat/n/]",/r/IsA,/c/en/jacket/n,/c/en/coat/n,1.0
189,"/a/[/r/IsA/,/c/en/jacket/n/wn/artifact/,/c/en/coat/n/wn/artifact/]",/r/IsA,/c/en/jacket/n/wn/artifact,/c/en/coat/n/wn/artifact,2.0
190,"/a/[/r/IsA/,/c/en/lookout/n/wn/act/,/c/en/look/n/wn/act/]",/r/IsA,/c/en/lookout/n/wn/act,/c/en/look/n/wn/act,2.0
191,"/a/[/r/IsA/,/c/en/lookout/n/wn/location/,/c/en/post/n/wn/location/]",/r/IsA,/c/en/lookout/n/wn/location,/c/en/post/n/wn/location,2.0
192,"/a/[/r/IsA/,/c/en/military_post/n/,/c/en/post/n/opencyc/post_location/]",/r/IsA,/c/en/military_post/n,/c/en/post/n/opencyc/post_location,1.0
193,"/a/[/r/IsA/,/c/en/mountain/,/c/en/place/]",/r/IsA,/c/en/mountain,/c/en/place,1.0
194,"/a/[/r/IsA/,/c/en/mouse/n/wn/person/,/c/en/person/n/wn/]",/r/IsA,/c/en/mouse/n/wn/person,/c/en/person/n/wn,2.0
195,"/a/[/r/IsA/,/c/en/necktie/n/,/c/en/tie/n/opencyc/tie_clothing/]",/r/IsA,/c/en/necktie/n,/c/en/tie/n/opencyc/tie_clothing,1.0
196,"/a/[/r/IsA/,/c/en/newspaper/n/wn/substance/,/c/en/paper/n/wn/substance/]",/r/IsA,/c/en/newspaper/n/wn/substance,/c/en/paper/n/wn/substance,2.0
197,"/a/[/r/IsA/,/c/en/oven/n/,/c/en/box/n/]",/r/IsA,/c/en/oven/n,/c/en/box/n,1.0
198,"/a/[/r/IsA/,/c/en/phone/,/c/en/telephone/]",/r/IsA,/c/en/phone,/c/en/telephone,1.0
199,"/a/[/r/IsA/,/c/en/post/n/wn/location/,/c/en/position/n/wn/location/]",/r/IsA,/c/en/post/n/wn/location,/c/en/position/n/wn/location,2.0
200,"/a/[/r/IsA/,/c/en/professorship/n/wn/act/,/c/en/position/n/wn/act/]",/r/IsA,/c/en/professorship/n/wn/act,/c/en/position/n/wn/act,2.0
201,"/a/[/r/IsA/,/c/en/ramp/n/opencyc/boarding_ramp/,/c/en/ramp/n/opencyc/ramp_artifact/]",/r/IsA,/c/en/ramp/n/opencyc/boarding_ramp,/c/en/ramp/n/opencyc/ramp_artifact,1.0
202,"/a/[/r/IsA/,/c/en/ramp/n/opencyc/ramp_artifact/,/c/en/ramp/n/]",/r/IsA,/c/en/ramp/n/opencyc/ramp_artifact,/c/en/ramp/n,1.0
203,"/a/[/r/IsA/,/c/en/setting/n/wn/location/,/c/en/position/n/wn/location/]",/r/IsA,/c/en/setting/n/wn/location,/c/en/position/n/wn/location,2.0
204,"/a/[/r/IsA/,/c/en/shorts/,/c/en/pants/n/]",/r/IsA,/c/en/shorts,/c/en/pants/n,1.0
205,"/a/[/r/IsA/,/c/en/sofa/,/c/en/chair/]",/r/IsA,/c/en/sofa,/c/en/chair,2.0
206,"/a/[/r/IsA/,/c/en/street/,/c/en/road/n/]",/r/IsA,/c/en/street,/c/en/road/n,1.0
207,"/a/[/r/IsA/,/c/en/street/n/,/c/en/road/]",/r/IsA,/c/en/street/n,/c/en/road,1.0
208,"/a/[/r/IsA/,/c/en/suitcase/n/,/c/en/baggage/n/]",/r/IsA,/c/en/suitcase/n,/c/en/baggage/n,1.0
209,"/a/[/r/IsA/,/c/en/suitcase/n/,/c/en/box/n/]",/r/IsA,/c/en/suitcase/n,/c/en/box/n,1.0
210,"/a/[/r/IsA/,/c/en/sunglasses/,/c/en/glasses/n/]",/r/IsA,/c/en/sunglasses,/c/en/glasses/n,1.0
211,"/a/[/r/IsA/,/c/en/sunglasses/n/wn/artifact/,/c/en/spectacles/n/wn/artifact/]",/r/IsA,/c/en/sunglasses/n/wn/artifact,/c/en/spectacles/n/wn/artifact,2.0
212,"/a/[/r/IsA/,/c/en/table/,/c/en/table/]",/r/IsA,/c/en/table,/c/en/table,1.0
213,"/a/[/r/IsA/,/c/en/terrace/n/,/c/en/bench/n/opencyc/bench_topographical/]",/r/IsA,/c/en/terrace/n,/c/en/bench/n/opencyc/bench_topographical,1.0
214,"/a/[/r/IsA/,/c/en/tree/,/c/en/plant/]",/r/IsA,/c/en/tree,/c/en/plant,2.828
215,"/a/[/r/IsA/,/c/en/tree/n/,/c/en/plant/]",/r/IsA,/c/en/tree/n,/c/en/plant,1.0
216,"/a/[/r/IsA/,/c/en/tugboat/,/c/en/boat/]",/r/IsA,/c/en/tugboat,/c/en/boat,2.828
217,"/a/[/r/IsA/,/c/en/tugboat/n/,/c/en/boat/n/]",/r/IsA,/c/en/tugboat/n,/c/en/boat/n,1.0
218,"/a/[/r/IsA/,/c/en/tugboat/n/wn/artifact/,/c/en/boat/n/wn/artifact/]",/r/IsA,/c/en/tugboat/n/wn/artifact,/c/en/boat/n/wn/artifact,2.0
219,"/a/[/r/IsA/,/c/en/van/,/c/en/truck/]",/r/IsA,/c/en/van,/c/en/truck,1.0
220,"/a/[/r/IsA/,/c/en/van/n/wn/artifact/,/c/en/car/n/wn/artifact/]",/r/IsA,/c/en/van/n/wn/artifact,/c/en/car/n/wn/artifact,2.0
221,"/a/[/r/IsA/,/c/en/van/n/wn/artifact/,/c/en/truck/n/wn/artifact/]",/r/IsA,/c/en/van/n/wn/artifact,/c/en/truck/n/wn/artifact,2.0
222,"/a/[/r/IsA/,/c/en/vanguard/n/wn/cognition/,/c/en/position/n/wn/cognition/]",/r/IsA,/c/en/vanguard/n/wn/cognition,/c/en/position/n/wn/cognition,2.0
223,"/a/[/r/IsA/,/c/en/watch/,/c/en/clock/]",/r/IsA,/c/en/watch,/c/en/clock,2.828
224,"/a/[/r/IsA/,/c/en/watch/n/,/c/en/clock/n/]",/r/IsA,/c/en/watch/n,/c/en/clock/n,1.0
225,"/a/[/r/IsA/,/c/en/wear/,/c/en/tie/]",/r/IsA,/c/en/wear,/c/en/tie,1.0
226,"/a/[/r/IsA/,/c/en/workbench/n/,/c/en/table/n/opencyc/table_piece_of_furniture/]",/r/IsA,/c/en/workbench/n,/c/en/table/n/opencyc/table_piece_of_furniture,1.0
227,"/a/[/r/LocatedNear/,/c/en/chair/,/c/en/desk/]",/r/LocatedNear,/c/en/chair,/c/en/desk,1.0
228,"/a/[/r/LocatedNear/,/c/en/chair/,/c/en/table/]",/r/LocatedNear,/c/en/chair,/c/en/table,2.0
229,"/a/[/r/PartOf/,/c/en/ball/n/wn/body/,/c/en/hand/n/wn/body/]",/r/PartOf,/c/en/ball/n/wn/body,/c/en/hand/n/wn/body,2.0
230,"/a/[/r/PartOf/,/c/en/base/n/wn/artifact/,/c/en/box/n/wn/artifact/]",/r/PartOf,/c/en/base/n/wn/artifact,/c/en/box/n/wn/artifact,2.0
231,"/a/[/r/PartOf/,/c/en/base/n/wn/artifact/,/c/en/lamp/n/wn/artifact/]",/r/PartOf,/c/en/base/n/wn/artifact,/c/en/lamp/n/wn/artifact,2.0
232,"/a/[/r/PartOf/,/c/en/car/,/c/en/train/]",/r/PartOf,/c/en/car,/c/en/train,1.0
233,"/a/[/r/PartOf/,/c/en/column/,/c/en/newspaper/]",/r/PartOf,/c/en/column,/c/en/newspaper,1.0
234,"/a/[/r/PartOf/,/c/en/column/,/c/en/table/]",/r/PartOf,/c/en/column,/c/en/table,1.0
235,"/a/[/r/PartOf/,/c/en/column/n/wn/communication/,/c/en/newspaper/n/wn/communication/]",/r/PartOf,/c/en/column/n/wn/communication,/c/en/newspaper/n/wn/communication,2.0
236,"/a/[/r/PartOf/,/c/en/corner/n/wn/architecture/,/c/en/building/n/wn/artifact/]",/r/PartOf,/c/en/corner/n/wn/architecture,/c/en/building/n/wn/artifact,2.0
237,"/a/[/r/PartOf/,/c/en/corner/n/wn/artifact/,/c/en/building/n/wn/artifact/]",/r/PartOf,/c/en/corner/n/wn/artifact,/c/en/building/n/wn/artifact,2.0
238,"/a/[/r/PartOf/,/c/en/counter/n/wn/artifact/,/c/en/shoe/n/wn/artifact/]",/r/PartOf,/c/en/counter/n/wn/artifact,/c/en/shoe/n/wn/artifact,2.0
239,"/a/[/r/PartOf/,/c/en/crown/n/wn/artifact/,/c/en/hat/n/wn/artifact/]",/r/PartOf,/c/en/crown/n/wn/artifact,/c/en/hat/n/wn/artifact,2.0
240,"/a/[/r/PartOf/,/c/en/crown/n/wn/artifact/,/c/en/road/n/wn/artifact/]",/r/PartOf,/c/en/crown/n/wn/artifact,/c/en/road/n/wn/artifact,2.0
241,"/a/[/r/PartOf/,/c/en/crown/n/wn/plant/,/c/en/tree/n/wn/plant/]",/r/PartOf,/c/en/crown/n/wn/plant,/c/en/tree/n/wn/plant,2.0
242,"/a/[/r/PartOf/,/c/en/engine/,/c/en/car/]",/r/PartOf,/c/en/engine,/c/en/car,3.464
243,"/a/[/r/PartOf/,/c/en/engine/,/c/en/motorcycle/]",/r/PartOf,/c/en/engine,/c/en/motorcycle,1.0
244,"/a/[/r/PartOf/,/c/en/engine/,/c/en/train/]",/r/PartOf,/c/en/engine,/c/en/train,1.0
245,"/a/[/r/PartOf/,/c/en/face/,/c/en/clock/]",/r/PartOf,/c/en/face,/c/en/clock,2.0
246,"/a/[/r/PartOf/,/c/en/face/n/wn/artifact/,/c/en/watch/n/wn/artifact/]",/r/PartOf,/c/en/face/n/wn/artifact,/c/en/watch/n/wn/artifact,2.0
247,"/a/[/r/PartOf/,/c/en/fly/,/c/en/pants/]",/r/PartOf,/c/en/fly,/c/en/pants,1.0
248,"/a/[/r/PartOf/,/c/en/glass/n/wn/substance/,/c/en/glass/n/wn/artifact/]",/r/PartOf,/c/en/glass/n/wn/substance,/c/en/glass/n/wn/artifact,2.0
249,"/a/[/r/PartOf/,/c/en/keyboard/,/c/en/computer/]",/r/PartOf,/c/en/keyboard,/c/en/computer,10.0
250,"/a/[/r/PartOf/,/c/en/keyboard/n/wn/artifact/,/c/en/computer/n/wn/computer_science/]",/r/PartOf,/c/en/keyboard/n/wn/artifact,/c/en/computer/n/wn/computer_science,2.0
251,"/a/[/r/PartOf/,/c/en/monitor/,/c/en/computer/]",/r/PartOf,/c/en/monitor,/c/en/computer,6.0
252,"/a/[/r/PartOf/,/c/en/monitor/n/wn/artifact/,/c/en/computer/n/wn/computer_science/]",/r/PartOf,/c/en/monitor/n/wn/artifact,/c/en/computer/n/wn/computer_science,2.0
253,"/a/[/r/PartOf/,/c/en/mouse/,/c/en/computer/]",/r/PartOf,/c/en/mouse,/c/en/computer,4.472
254,"/a/[/r/PartOf/,/c/en/roof/n/wn/artifact/,/c/en/building/n/wn/artifact/]",/r/PartOf,/c/en/roof/n/wn/artifact,/c/en/building/n/wn/artifact,2.0
255,"/a/[/r/PartOf/,/c/en/roof/n/wn/artifact/,/c/en/bus/n/wn/artifact/]",/r/PartOf,/c/en/roof/n/wn/artifact,/c/en/bus/n/wn/artifact,2.0
256,"/a/[/r/PartOf/,/c/en/roof/n/wn/artifact/,/c/en/car/n/wn/artifact/]",/r/PartOf,/c/en/roof/n/wn/artifact,/c/en/car/n/wn/artifact,2.0
257,"/a/[/r/PartOf/,/c/en/roof/n/wn/artifact/,/c/en/truck/n/wn/artifact/]",/r/PartOf,/c/en/roof/n/wn/artifact,/c/en/truck/n/wn/artifact,2.0
258,"/a/[/r/PartOf/,/c/en/shelf/n/wn/artifact/,/c/en/buffet/n/wn/artifact/]",/r/PartOf,/c/en/shelf/n/wn/artifact,/c/en/buffet/n/wn/artifact,2.0
259,"/a/[/r/PartOf/,/c/en/shelf/n/wn/artifact/,/c/en/cabinet/n/wn/artifact/]",/r/PartOf,/c/en/shelf/n/wn/artifact,/c/en/cabinet/n/wn/artifact,2.0
260,"/a/[/r/PartOf/,/c/en/steering_wheel/,/c/en/car/]",/r/PartOf,/c/en/steering_wheel,/c/en/car,1.0
261,"/a/[/r/PartOf/,/c/en/string/,/c/en/kite/]",/r/PartOf,/c/en/string,/c/en/kite,1.0
262,"/a/[/r/PartOf/,/c/en/terrace/,/c/en/building/]",/r/PartOf,/c/en/terrace,/c/en/building,1.0
263,"/a/[/r/PartOf/,/c/en/toilet/n/wn/artifact/,/c/en/toilet/n/wn/artifact/]",/r/PartOf,/c/en/toilet/n/wn/artifact,/c/en/toilet/n/wn/artifact,2.0
264,"/a/[/r/PartOf/,/c/en/wheel/,/c/en/bicycle/]",/r/PartOf,/c/en/wheel,/c/en/bicycle,3.464
265,"/a/[/r/PartOf/,/c/en/wheel/,/c/en/car/]",/r/PartOf,/c/en/wheel,/c/en/car,2.0
266,"/a/[/r/PartOf/,/c/en/wheel/,/c/en/skateboard/]",/r/PartOf,/c/en/wheel,/c/en/skateboard,1.0
267,"/a/[/r/RelatedTo/,/c/en/above/,/c/en/below/]",/r/RelatedTo,/c/en/above,/c/en/below,0.402
268,"/a/[/r/RelatedTo/,/c/en/above/,/c/en/over/]",/r/RelatedTo,/c/en/above,/c/en/over,0.776
269,"/a/[/r/RelatedTo/,/c/en/above/,/c/en/position/]",/r/RelatedTo,/c/en/above,/c/en/position,0.153
270,"/a/[/r/RelatedTo/,/c/en/above/,/c/en/sky/]",/r/RelatedTo,/c/en/above,/c/en/sky,0.279
271,"/a/[/r/RelatedTo/,/c/en/across/,/c/en/over/]",/r/RelatedTo,/c/en/across,/c/en/over,0.966
272,"/a/[/r/RelatedTo/,/c/en/across/,/c/en/side/]",/r/RelatedTo,/c/en/across,/c/en/side,1.214
273,"/a/[/r/RelatedTo/,/c/en/across/,/c/en/table/]",/r/RelatedTo,/c/en/across,/c/en/table,0.15
274,"/a/[/r/RelatedTo/,/c/en/across/r/,/c/en/side/]",/r/RelatedTo,/c/en/across/r,/c/en/side,1.0
275,"/a/[/r/RelatedTo/,/c/en/against/,/c/en/background/]",/r/RelatedTo,/c/en/against,/c/en/background,1.0
276,"/a/[/r/RelatedTo/,/c/en/against/,/c/en/position/]",/r/RelatedTo,/c/en/against,/c/en/position,0.443
277,"/a/[/r/RelatedTo/,/c/en/at/,/c/en/in/]",/r/RelatedTo,/c/en/at,/c/en/in,2.0
278,"/a/[/r/RelatedTo/,/c/en/at/,/c/en/look/]",/r/RelatedTo,/c/en/at,/c/en/look,0.15
279,"/a/[/r/RelatedTo/,/c/en/at/,/c/en/near/]",/r/RelatedTo,/c/en/at,/c/en/near,1.183
280,"/a/[/r/RelatedTo/,/c/en/at/,/c/en/on/]",/r/RelatedTo,/c/en/at,/c/en/on,1.0
281,"/a/[/r/RelatedTo/,/c/en/at/,/c/en/place/]",/r/RelatedTo,/c/en/at,/c/en/place,1.77
282,"/a/[/r/RelatedTo/,/c/en/backdrop/n/,/c/en/background/]",/r/RelatedTo,/c/en/backdrop/n,/c/en/background,1.0
283,"/a/[/r/RelatedTo/,/c/en/backdrop/n/,/c/en/setting/]",/r/RelatedTo,/c/en/backdrop/n,/c/en/setting,1.0
284,"/a/[/r/RelatedTo/,/c/en/background/,/c/en/behind/]",/r/RelatedTo,/c/en/background,/c/en/behind,0.209
285,"/a/[/r/RelatedTo/,/c/en/bag/,/c/en/carry/]",/r/RelatedTo,/c/en/bag,/c/en/carry,0.102
286,"/a/[/r/RelatedTo/,/c/en/bag/,/c/en/hand/]",/r/RelatedTo,/c/en/bag,/c/en/hand,0.135
287,"/a/[/r/RelatedTo/,/c/en/bag/,/c/en/hold/]",/r/RelatedTo,/c/en/bag,/c/en/hold,0.104
288,"/a/[/r/RelatedTo/,/c/en/bag/,/c/en/inside/]",/r/RelatedTo,/c/en/bag,/c/en/inside,0.106
289,"/a/[/r/RelatedTo/,/c/en/bag/,/c/en/paper/]",/r/RelatedTo,/c/en/bag,/c/en/paper,0.988
290,"/a/[/r/RelatedTo/,/c/en/bag/n/,/c/en/base/]",/r/RelatedTo,/c/en/bag/n,/c/en/base,1.0
291,"/a/[/r/RelatedTo/,/c/en/bag/n/,/c/en/paper/]",/r/RelatedTo,/c/en/bag/n,/c/en/paper,1.0
292,"/a/[/r/RelatedTo/,/c/en/bag/n/,/c/en/suitcase/]",/r/RelatedTo,/c/en/bag/n,/c/en/suitcase,1.0
293,"/a/[/r/RelatedTo/,/c/en/bag/v/,/c/en/street/]",/r/RelatedTo,/c/en/bag/v,/c/en/street,1.0
294,"/a/[/r/RelatedTo/,/c/en/baggage/n/,/c/en/luggage/]",/r/RelatedTo,/c/en/baggage/n,/c/en/luggage,1.0
295,"/a/[/r/RelatedTo/,/c/en/ball/,/c/en/base/]",/r/RelatedTo,/c/en/ball,/c/en/base,0.625
296,"/a/[/r/RelatedTo/,/c/en/ball/,/c/en/basket/]",/r/RelatedTo,/c/en/ball,/c/en/basket,1.187
297,"/a/[/r/RelatedTo/,/c/en/ball/,/c/en/hit/]",/r/RelatedTo,/c/en/ball,/c/en/hit,0.721
298,"/a/[/r/RelatedTo/,/c/en/ball/,/c/en/kick/]",/r/RelatedTo,/c/en/ball,/c/en/kick,0.294
299,"/a/[/r/RelatedTo/,/c/en/ball/,/c/en/wheel/]",/r/RelatedTo,/c/en/ball,/c/en/wheel,0.13
300,"/a/[/r/RelatedTo/,/c/en/base/,/c/en/bag/]",/r/RelatedTo,/c/en/base,/c/en/bag,0.141
301,"/a/[/r/RelatedTo/,/c/en/base/,/c/en/ball/]",/r/RelatedTo,/c/en/base,/c/en/ball,0.123
302,"/a/[/r/RelatedTo/,/c/en/base/,/c/en/building/]",/r/RelatedTo,/c/en/base,/c/en/building,1.0
303,"/a/[/r/RelatedTo/,/c/en/base/,/c/en/home_plate/]",/r/RelatedTo,/c/en/base,/c/en/home_plate,0.994
304,"/a/[/r/RelatedTo/,/c/en/base/,/c/en/place/]",/r/RelatedTo,/c/en/base,/c/en/place,0.523
305,"/a/[/r/RelatedTo/,/c/en/base/,/c/en/plate/]",/r/RelatedTo,/c/en/base,/c/en/plate,1.232
306,"/a/[/r/RelatedTo/,/c/en/base/,/c/en/string/]",/r/RelatedTo,/c/en/base,/c/en/string,0.237
307,"/a/[/r/RelatedTo/,/c/en/basket/n/,/c/en/vase/]",/r/RelatedTo,/c/en/basket/n,/c/en/vase,1.0
308,"/a/[/r/RelatedTo/,/c/en/bear/,/c/en/hold/]",/r/RelatedTo,/c/en/bear,/c/en/hold,0.358
309,"/a/[/r/RelatedTo/,/c/en/bear/,/c/en/horse/]",/r/RelatedTo,/c/en/bear,/c/en/horse,0.711
310,"/a/[/r/RelatedTo/,/c/en/bear/,/c/en/trees/]",/r/RelatedTo,/c/en/bear,/c/en/trees,0.137
311,"/a/[/r/RelatedTo/,/c/en/bed/,/c/en/box/]",/r/RelatedTo,/c/en/bed,/c/en/box,0.461
312,"/a/[/r/RelatedTo/,/c/en/bed/,/c/en/clock/]",/r/RelatedTo,/c/en/bed,/c/en/clock,0.193
313,"/a/[/r/RelatedTo/,/c/en/bed/,/c/en/has/]",/r/RelatedTo,/c/en/bed,/c/en/has,2.96
314,"/a/[/r/RelatedTo/,/c/en/bed/,/c/en/person/]",/r/RelatedTo,/c/en/bed,/c/en/person,0.861
315,"/a/[/r/RelatedTo/,/c/en/bed/,/c/en/pillow/]",/r/RelatedTo,/c/en/bed,/c/en/pillow,4.594
316,"/a/[/r/RelatedTo/,/c/en/bed/,/c/en/place/]",/r/RelatedTo,/c/en/bed,/c/en/place,8.362
317,"/a/[/r/RelatedTo/,/c/en/bed/,/c/en/post/]",/r/RelatedTo,/c/en/bed,/c/en/post,0.496
318,"/a/[/r/RelatedTo/,/c/en/bed/,/c/en/short/]",/r/RelatedTo,/c/en/bed,/c/en/short,0.154
319,"/a/[/r/RelatedTo/,/c/en/bed/,/c/en/sofa/]",/r/RelatedTo,/c/en/bed,/c/en/sofa,0.318
320,"/a/[/r/RelatedTo/,/c/en/bed/,/c/en/table/]",/r/RelatedTo,/c/en/bed,/c/en/table,1.917
321,"/a/[/r/RelatedTo/,/c/en/bed/,/c/en/under/]",/r/RelatedTo,/c/en/bed,/c/en/under,0.136
322,"/a/[/r/RelatedTo/,/c/en/bed/n/,/c/en/layer/]",/r/RelatedTo,/c/en/bed/n,/c/en/layer,1.0
323,"/a/[/r/RelatedTo/,/c/en/bed/n/wn/artifact/,/c/en/person/n/wn/]",/r/RelatedTo,/c/en/bed/n/wn/artifact,/c/en/person/n/wn,2.0
324,"/a/[/r/RelatedTo/,/c/en/bed/n/wn/artifact/,/c/en/plant/n/wn/botany/]",/r/RelatedTo,/c/en/bed/n/wn/artifact,/c/en/plant/n/wn/botany,2.0
325,"/a/[/r/RelatedTo/,/c/en/bed/v/,/c/en/sand/]",/r/RelatedTo,/c/en/bed/v,/c/en/sand,1.0
326,"/a/[/r/RelatedTo/,/c/en/behind/,/c/en/buttocks/]",/r/RelatedTo,/c/en/behind,/c/en/buttocks,0.136
327,"/a/[/r/RelatedTo/,/c/en/behind/,/c/en/follow/]",/r/RelatedTo,/c/en/behind,/c/en/follow,0.141
328,"/a/[/r/RelatedTo/,/c/en/behind/,/c/en/place/]",/r/RelatedTo,/c/en/behind,/c/en/place,0.141
329,"/a/[/r/RelatedTo/,/c/en/behind/,/c/en/position/]",/r/RelatedTo,/c/en/behind,/c/en/position,0.141
330,"/a/[/r/RelatedTo/,/c/en/behind/n/,/c/en/short/]",/r/RelatedTo,/c/en/behind/n,/c/en/short,1.0
331,"/a/[/r/RelatedTo/,/c/en/below/,/c/en/above/]",/r/RelatedTo,/c/en/below,/c/en/above,0.392
332,"/a/[/r/RelatedTo/,/c/en/below/,/c/en/beneath/]",/r/RelatedTo,/c/en/below,/c/en/beneath,1.541
333,"/a/[/r/RelatedTo/,/c/en/below/,/c/en/position/]",/r/RelatedTo,/c/en/below,/c/en/position,1.145
334,"/a/[/r/RelatedTo/,/c/en/below/,/c/en/under/]",/r/RelatedTo,/c/en/below,/c/en/under,2.065
335,"/a/[/r/RelatedTo/,/c/en/bench/,/c/en/bus/]",/r/RelatedTo,/c/en/bench,/c/en/bus,0.166
336,"/a/[/r/RelatedTo/,/c/en/bench/,/c/en/chair/]",/r/RelatedTo,/c/en/bench,/c/en/chair,0.376
337,"/a/[/r/RelatedTo/,/c/en/bench/,/c/en/place/]",/r/RelatedTo,/c/en/bench,/c/en/place,0.171
338,"/a/[/r/RelatedTo/,/c/en/beneath/,/c/en/above/]",/r/RelatedTo,/c/en/beneath,/c/en/above,0.468
339,"/a/[/r/RelatedTo/,/c/en/beneath/,/c/en/below/]",/r/RelatedTo,/c/en/beneath,/c/en/below,2.9
340,"/a/[/r/RelatedTo/,/c/en/beneath/,/c/en/cover/]",/r/RelatedTo,/c/en/beneath,/c/en/cover,1.0
341,"/a/[/r/RelatedTo/,/c/en/beneath/,/c/en/position/]",/r/RelatedTo,/c/en/beneath,/c/en/position,0.122
342,"/a/[/r/RelatedTo/,/c/en/beneath/,/c/en/shelf/]",/r/RelatedTo,/c/en/beneath,/c/en/shelf,0.121
343,"/a/[/r/RelatedTo/,/c/en/beneath/,/c/en/under/]",/r/RelatedTo,/c/en/beneath,/c/en/under,3.096
344,"/a/[/r/RelatedTo/,/c/en/beneath/r/,/c/en/below/]",/r/RelatedTo,/c/en/beneath/r,/c/en/below,1.0
345,"/a/[/r/RelatedTo/,/c/en/beside/,/c/en/side/]",/r/RelatedTo,/c/en/beside,/c/en/side,1.0
346,"/a/[/r/RelatedTo/,/c/en/bicycle/,/c/en/motorcycle/]",/r/RelatedTo,/c/en/bicycle,/c/en/motorcycle,1.0
347,"/a/[/r/RelatedTo/,/c/en/boat/,/c/en/car/]",/r/RelatedTo,/c/en/boat,/c/en/car,0.921
348,"/a/[/r/RelatedTo/,/c/en/boat/,/c/en/coat/]",/r/RelatedTo,/c/en/boat,/c/en/coat,0.124
349,"/a/[/r/RelatedTo/,/c/en/boat/,/c/en/engine/]",/r/RelatedTo,/c/en/boat,/c/en/engine,0.731
350,"/a/[/r/RelatedTo/,/c/en/boat/,/c/en/ride/]",/r/RelatedTo,/c/en/boat,/c/en/ride,0.23
351,"/a/[/r/RelatedTo/,/c/en/boat/,/c/en/tree/]",/r/RelatedTo,/c/en/boat,/c/en/tree,0.172
352,"/a/[/r/RelatedTo/,/c/en/boat/n/,/c/en/chair/]",/r/RelatedTo,/c/en/boat/n,/c/en/chair,1.0
353,"/a/[/r/RelatedTo/,/c/en/bottle/,/c/en/cup/]",/r/RelatedTo,/c/en/bottle,/c/en/cup,0.106
354,"/a/[/r/RelatedTo/,/c/en/bottle/,/c/en/glass/]",/r/RelatedTo,/c/en/bottle,/c/en/glass,0.316
355,"/a/[/r/RelatedTo/,/c/en/bowl/,/c/en/ball/]",/r/RelatedTo,/c/en/bowl,/c/en/ball,0.248
356,"/a/[/r/RelatedTo/,/c/en/bowl/,/c/en/plate/]",/r/RelatedTo,/c/en/bowl,/c/en/plate,0.697
357,"/a/[/r/RelatedTo/,/c/en/box/,/c/en/basket/]",/r/RelatedTo,/c/en/box,/c/en/basket,0.148
358,"/a/[/r/RelatedTo/,/c/en/box/,/c/en/inside/]",/r/RelatedTo,/c/en/box,/c/en/inside,0.581
359,"/a/[/r/RelatedTo/,/c/en/box/,/c/en/mail/]",/r/RelatedTo,/c/en/box,/c/en/mail,0.154
360,"/a/[/r/RelatedTo/,/c/en/box/,/c/en/paper/]",/r/RelatedTo,/c/en/box,/c/en/paper,0.173
361,"/a/[/r/RelatedTo/,/c/en/box/,/c/en/post/]",/r/RelatedTo,/c/en/box,/c/en/post,0.161
362,"/a/[/r/RelatedTo/,/c/en/box/,/c/en/shoes/]",/r/RelatedTo,/c/en/box,/c/en/shoes,0.517
363,"/a/[/r/RelatedTo/,/c/en/box/,/c/en/van/]",/r/RelatedTo,/c/en/box,/c/en/van,0.185
364,"/a/[/r/RelatedTo/,/c/en/building/,/c/en/construction/]",/r/RelatedTo,/c/en/building,/c/en/construction,0.758
365,"/a/[/r/RelatedTo/,/c/en/building/,/c/en/sky/]",/r/RelatedTo,/c/en/building,/c/en/sky,0.105
366,"/a/[/r/RelatedTo/,/c/en/bus/n/,/c/en/road/]",/r/RelatedTo,/c/en/bus/n,/c/en/road,1.0
367,"/a/[/r/RelatedTo/,/c/en/bush/,/c/en/president/]",/r/RelatedTo,/c/en/bush,/c/en/president,1.223
368,"/a/[/r/RelatedTo/,/c/en/by/,/c/en/beside/]",/r/RelatedTo,/c/en/by,/c/en/beside,0.516
369,"/a/[/r/RelatedTo/,/c/en/by/,/c/en/near/]",/r/RelatedTo,/c/en/by,/c/en/near,2.35
370,"/a/[/r/RelatedTo/,/c/en/by/r/,/c/en/near/]",/r/RelatedTo,/c/en/by/r,/c/en/near,1.0
371,"/a/[/r/RelatedTo/,/c/en/cabinet/,/c/en/place/]",/r/RelatedTo,/c/en/cabinet,/c/en/place,0.143
372,"/a/[/r/RelatedTo/,/c/en/cabinet/,/c/en/shelf/]",/r/RelatedTo,/c/en/cabinet,/c/en/shelf,0.191
373,"/a/[/r/RelatedTo/,/c/en/can/,/c/en/bottle/]",/r/RelatedTo,/c/en/can,/c/en/bottle,0.53
374,"/a/[/r/RelatedTo/,/c/en/can/,/c/en/inside/]",/r/RelatedTo,/c/en/can,/c/en/inside,1.588
375,"/a/[/r/RelatedTo/,/c/en/can/,/c/en/kick/]",/r/RelatedTo,/c/en/can,/c/en/kick,0.296
376,"/a/[/r/RelatedTo/,/c/en/can/,/c/en/toilet/]",/r/RelatedTo,/c/en/can,/c/en/toilet,0.27
377,"/a/[/r/RelatedTo/,/c/en/car/,/c/en/box/]",/r/RelatedTo,/c/en/car,/c/en/box,0.166
378,"/a/[/r/RelatedTo/,/c/en/car/,/c/en/bus/]",/r/RelatedTo,/c/en/car,/c/en/bus,1.245
379,"/a/[/r/RelatedTo/,/c/en/car/,/c/en/drive/]",/r/RelatedTo,/c/en/car,/c/en/drive,1.668
380,"/a/[/r/RelatedTo/,/c/en/car/,/c/en/engine/]",/r/RelatedTo,/c/en/car,/c/en/engine,0.814
381,"/a/[/r/RelatedTo/,/c/en/car/,/c/en/road/]",/r/RelatedTo,/c/en/car,/c/en/road,0.738
382,"/a/[/r/RelatedTo/,/c/en/car/,/c/en/short/]",/r/RelatedTo,/c/en/car,/c/en/short,0.158
383,"/a/[/r/RelatedTo/,/c/en/car/,/c/en/steering_wheel/]",/r/RelatedTo,/c/en/car,/c/en/steering_wheel,0.177
384,"/a/[/r/RelatedTo/,/c/en/car/,/c/en/street/]",/r/RelatedTo,/c/en/car,/c/en/street,0.104
385,"/a/[/r/RelatedTo/,/c/en/car/,/c/en/truck/]",/r/RelatedTo,/c/en/car,/c/en/truck,1.453
386,"/a/[/r/RelatedTo/,/c/en/car/,/c/en/van/]",/r/RelatedTo,/c/en/car,/c/en/van,1.636
387,"/a/[/r/RelatedTo/,/c/en/car/,/c/en/wheel/]",/r/RelatedTo,/c/en/car,/c/en/wheel,0.586
388,"/a/[/r/RelatedTo/,/c/en/caravan/n/,/c/en/van/]",/r/RelatedTo,/c/en/caravan/n,/c/en/van,1.0
389,"/a/[/r/RelatedTo/,/c/en/carry/,/c/en/bag/]",/r/RelatedTo,/c/en/carry,/c/en/bag,0.573
390,"/a/[/r/RelatedTo/,/c/en/carry/,/c/en/bear/]",/r/RelatedTo,/c/en/carry,/c/en/bear,0.584
391,"/a/[/r/RelatedTo/,/c/en/carry/,/c/en/hand/]",/r/RelatedTo,/c/en/carry,/c/en/hand,0.219
392,"/a/[/r/RelatedTo/,/c/en/carry/,/c/en/hold/]",/r/RelatedTo,/c/en/carry,/c/en/hold,2.854
393,"/a/[/r/RelatedTo/,/c/en/carry/,/c/en/luggage/]",/r/RelatedTo,/c/en/carry,/c/en/luggage,0.34
394,"/a/[/r/RelatedTo/,/c/en/carry/n/,/c/en/boat/]",/r/RelatedTo,/c/en/carry/n,/c/en/boat,1.0
395,"/a/[/r/RelatedTo/,/c/en/carry/n/,/c/en/position/]",/r/RelatedTo,/c/en/carry/n,/c/en/position,1.0
396,"/a/[/r/RelatedTo/,/c/en/cart/,/c/en/horse/]",/r/RelatedTo,/c/en/cart,/c/en/horse,0.168
397,"/a/[/r/RelatedTo/,/c/en/cat/,/c/en/box/]",/r/RelatedTo,/c/en/cat,/c/en/box,0.165
398,"/a/[/r/RelatedTo/,/c/en/cat/,/c/en/dog/]",/r/RelatedTo,/c/en/cat,/c/en/dog,1.338
399,"/a/[/r/RelatedTo/,/c/en/cat/,/c/en/mouse/]",/r/RelatedTo,/c/en/cat,/c/en/mouse,0.504
400,"/a/[/r/RelatedTo/,/c/en/cavalry/,/c/en/horse/]",/r/RelatedTo,/c/en/cavalry,/c/en/horse,0.5
401,"/a/[/r/RelatedTo/,/c/en/ceiling/,/c/en/above/]",/r/RelatedTo,/c/en/ceiling,/c/en/above,0.102
402,"/a/[/r/RelatedTo/,/c/en/ceiling/,/c/en/roof/]",/r/RelatedTo,/c/en/ceiling,/c/en/roof,0.302
403,"/a/[/r/RelatedTo/,/c/en/chair/,/c/en/below/]",/r/RelatedTo,/c/en/chair,/c/en/below,0.148
404,"/a/[/r/RelatedTo/,/c/en/chair/,/c/en/bench/]",/r/RelatedTo,/c/en/chair,/c/en/bench,0.316
405,"/a/[/r/RelatedTo/,/c/en/chair/,/c/en/beneath/]",/r/RelatedTo,/c/en/chair,/c/en/beneath,0.213
406,"/a/[/r/RelatedTo/,/c/en/chair/,/c/en/desk/]",/r/RelatedTo,/c/en/chair,/c/en/desk,0.778
407,"/a/[/r/RelatedTo/,/c/en/chair/,/c/en/place/]",/r/RelatedTo,/c/en/chair,/c/en/place,2.229
408,"/a/[/r/RelatedTo/,/c/en/chair/,/c/en/sofa/]",/r/RelatedTo,/c/en/chair,/c/en/sofa,1.194
409,"/a/[/r/RelatedTo/,/c/en/chair/,/c/en/table/]",/r/RelatedTo,/c/en/chair,/c/en/table,4.235
410,"/a/[/r/RelatedTo/,/c/en/chair/,/c/en/under/]",/r/RelatedTo,/c/en/chair,/c/en/under,0.142
411,"/a/[/r/RelatedTo/,/c/en/chair/n/,/c/en/bench/]",/r/RelatedTo,/c/en/chair/n,/c/en/bench,1.0
412,"/a/[/r/RelatedTo/,/c/en/chair/n/,/c/en/boat/]",/r/RelatedTo,/c/en/chair/n,/c/en/boat,1.0
413,"/a/[/r/RelatedTo/,/c/en/chair/n/,/c/en/professorship/]",/r/RelatedTo,/c/en/chair/n,/c/en/professorship,1.0
414,"/a/[/r/RelatedTo/,/c/en/chair/n/,/c/en/sofa/]",/r/RelatedTo,/c/en/chair/n,/c/en/sofa,1.0
415,"/a/[/r/RelatedTo/,/c/en/chair/v/,/c/en/carry/]",/r/RelatedTo,/c/en/chair/v,/c/en/carry,1.0
416,"/a/[/r/RelatedTo/,/c/en/chair/v/,/c/en/position/]",/r/RelatedTo,/c/en/chair/v,/c/en/position,1.0
417,"/a/[/r/RelatedTo/,/c/en/clock/,/c/en/face/]",/r/RelatedTo,/c/en/clock,/c/en/face,2.187
418,"/a/[/r/RelatedTo/,/c/en/clock/,/c/en/hand/]",/r/RelatedTo,/c/en/clock,/c/en/hand,0.722
419,"/a/[/r/RelatedTo/,/c/en/clock/,/c/en/watch/]",/r/RelatedTo,/c/en/clock,/c/en/watch,5.57
420,"/a/[/r/RelatedTo/,/c/en/coat/,/c/en/boat/]",/r/RelatedTo,/c/en/coat,/c/en/boat,0.119
421,"/a/[/r/RelatedTo/,/c/en/coat/,/c/en/has/]",/r/RelatedTo,/c/en/coat,/c/en/has,0.259
422,"/a/[/r/RelatedTo/,/c/en/coat/,/c/en/jacket/]",/r/RelatedTo,/c/en/coat,/c/en/jacket,7.67
423,"/a/[/r/RelatedTo/,/c/en/coat/,/c/en/layer/]",/r/RelatedTo,/c/en/coat,/c/en/layer,0.787
424,"/a/[/r/RelatedTo/,/c/en/coat/,/c/en/over/]",/r/RelatedTo,/c/en/coat,/c/en/over,1.63
425,"/a/[/r/RelatedTo/,/c/en/coat/,/c/en/pull/]",/r/RelatedTo,/c/en/coat,/c/en/pull,0.138
426,"/a/[/r/RelatedTo/,/c/en/coat/,/c/en/shirt/]",/r/RelatedTo,/c/en/coat,/c/en/shirt,0.818
427,"/a/[/r/RelatedTo/,/c/en/coat/,/c/en/wear/]",/r/RelatedTo,/c/en/coat,/c/en/wear,2.014
428,"/a/[/r/RelatedTo/,/c/en/coat/n/,/c/en/cover/]",/r/RelatedTo,/c/en/coat/n,/c/en/cover,1.0
429,"/a/[/r/RelatedTo/,/c/en/coat/n/,/c/en/hold/]",/r/RelatedTo,/c/en/coat/n,/c/en/hold,1.0
430,"/a/[/r/RelatedTo/,/c/en/coating/n/,/c/en/coat/]",/r/RelatedTo,/c/en/coating/n,/c/en/coat,1.0
431,"/a/[/r/RelatedTo/,/c/en/coating/n/,/c/en/layer/]",/r/RelatedTo,/c/en/coating/n,/c/en/layer,1.0
432,"/a/[/r/RelatedTo/,/c/en/coating/v/,/c/en/coat/]",/r/RelatedTo,/c/en/coating/v,/c/en/coat,1.0
433,"/a/[/r/RelatedTo/,/c/en/column/,/c/en/building/]",/r/RelatedTo,/c/en/column,/c/en/building,1.888
434,"/a/[/r/RelatedTo/,/c/en/column/,/c/en/hold/]",/r/RelatedTo,/c/en/column,/c/en/hold,0.123
435,"/a/[/r/RelatedTo/,/c/en/column/,/c/en/newspaper/]",/r/RelatedTo,/c/en/column,/c/en/newspaper,3.386
436,"/a/[/r/RelatedTo/,/c/en/column/,/c/en/post/]",/r/RelatedTo,/c/en/column,/c/en/post,0.874
437,"/a/[/r/RelatedTo/,/c/en/column/,/c/en/roof/]",/r/RelatedTo,/c/en/column,/c/en/roof,0.618
438,"/a/[/r/RelatedTo/,/c/en/column/,/c/en/table/]",/r/RelatedTo,/c/en/column,/c/en/table,0.57
439,"/a/[/r/RelatedTo/,/c/en/column/,/c/en/tower/]",/r/RelatedTo,/c/en/column,/c/en/tower,0.18
440,"/a/[/r/RelatedTo/,/c/en/column/n/,/c/en/roof/]",/r/RelatedTo,/c/en/column/n,/c/en/roof,1.0
441,"/a/[/r/RelatedTo/,/c/en/column/n/,/c/en/table/]",/r/RelatedTo,/c/en/column/n,/c/en/table,1.0
442,"/a/[/r/RelatedTo/,/c/en/computer/,/c/en/laptop/]",/r/RelatedTo,/c/en/computer,/c/en/laptop,1.0
443,"/a/[/r/RelatedTo/,/c/en/computer/n/,/c/en/person/]",/r/RelatedTo,/c/en/computer/n,/c/en/person,1.0
444,"/a/[/r/RelatedTo/,/c/en/cone/,/c/en/base/]",/r/RelatedTo,/c/en/cone,/c/en/base,0.216
445,"/a/[/r/RelatedTo/,/c/en/cone/,/c/en/hat/]",/r/RelatedTo,/c/en/cone,/c/en/hat,0.456
446,"/a/[/r/RelatedTo/,/c/en/cone/n/,/c/en/bowl/]",/r/RelatedTo,/c/en/cone/n,/c/en/bowl,1.0
447,"/a/[/r/RelatedTo/,/c/en/construction/,/c/en/building/]",/r/RelatedTo,/c/en/construction,/c/en/building,1.775
448,"/a/[/r/RelatedTo/,/c/en/construction/,/c/en/road/]",/r/RelatedTo,/c/en/construction,/c/en/road,0.103
449,"/a/[/r/RelatedTo/,/c/en/construction/,/c/en/truck/]",/r/RelatedTo,/c/en/construction,/c/en/truck,0.126
450,"/a/[/r/RelatedTo/,/c/en/construction/n/,/c/en/building/]",/r/RelatedTo,/c/en/construction/n,/c/en/building,1.0
451,"/a/[/r/RelatedTo/,/c/en/contain/,/c/en/has/]",/r/RelatedTo,/c/en/contain,/c/en/has,0.16
452,"/a/[/r/RelatedTo/,/c/en/contain/,/c/en/hold/]",/r/RelatedTo,/c/en/contain,/c/en/hold,1.91
453,"/a/[/r/RelatedTo/,/c/en/contain/,/c/en/inside/]",/r/RelatedTo,/c/en/contain,/c/en/inside,0.645
454,"/a/[/r/RelatedTo/,/c/en/contain/v/,/c/en/hold/]",/r/RelatedTo,/c/en/contain/v,/c/en/hold,1.0
455,"/a/[/r/RelatedTo/,/c/en/contain/v/,/c/en/inside/]",/r/RelatedTo,/c/en/contain/v,/c/en/inside,1.0
456,"/a/[/r/RelatedTo/,/c/en/corner/,/c/en/box/]",/r/RelatedTo,/c/en/corner,/c/en/box,0.464
457,"/a/[/r/RelatedTo/,/c/en/corner/,/c/en/road/]",/r/RelatedTo,/c/en/corner,/c/en/road,0.275
458,"/a/[/r/RelatedTo/,/c/en/corner/,/c/en/side/]",/r/RelatedTo,/c/en/corner,/c/en/side,0.173
459,"/a/[/r/RelatedTo/,/c/en/corner/,/c/en/street/]",/r/RelatedTo,/c/en/corner,/c/en/street,0.676
460,"/a/[/r/RelatedTo/,/c/en/corner/v/,/c/en/drive/]",/r/RelatedTo,/c/en/corner/v,/c/en/drive,1.0
461,"/a/[/r/RelatedTo/,/c/en/cover/,/c/en/above/]",/r/RelatedTo,/c/en/cover,/c/en/above,0.137
462,"/a/[/r/RelatedTo/,/c/en/cover/,/c/en/bed/]",/r/RelatedTo,/c/en/cover,/c/en/bed,3.219
463,"/a/[/r/RelatedTo/,/c/en/cover/,/c/en/behind/]",/r/RelatedTo,/c/en/cover,/c/en/behind,0.101
464,"/a/[/r/RelatedTo/,/c/en/cover/,/c/en/can/]",/r/RelatedTo,/c/en/cover,/c/en/can,0.177
465,"/a/[/r/RelatedTo/,/c/en/cover/,/c/en/car/]",/r/RelatedTo,/c/en/cover,/c/en/car,0.171
466,"/a/[/r/RelatedTo/,/c/en/cover/,/c/en/jacket/]",/r/RelatedTo,/c/en/cover,/c/en/jacket,0.593
467,"/a/[/r/RelatedTo/,/c/en/cover/,/c/en/layer/]",/r/RelatedTo,/c/en/cover,/c/en/layer,0.162
468,"/a/[/r/RelatedTo/,/c/en/cover/,/c/en/over/]",/r/RelatedTo,/c/en/cover,/c/en/over,1.171
469,"/a/[/r/RelatedTo/,/c/en/cover/,/c/en/paper/]",/r/RelatedTo,/c/en/cover,/c/en/paper,0.122
470,"/a/[/r/RelatedTo/,/c/en/cover/,/c/en/pillow/]",/r/RelatedTo,/c/en/cover,/c/en/pillow,0.258
471,"/a/[/r/RelatedTo/,/c/en/cover/,/c/en/place/]",/r/RelatedTo,/c/en/cover,/c/en/place,0.344
472,"/a/[/r/RelatedTo/,/c/en/cover/,/c/en/roof/]",/r/RelatedTo,/c/en/cover,/c/en/roof,0.313
473,"/a/[/r/RelatedTo/,/c/en/cover/,/c/en/umbrella/]",/r/RelatedTo,/c/en/cover,/c/en/umbrella,0.102
474,"/a/[/r/RelatedTo/,/c/en/cover/,/c/en/under/]",/r/RelatedTo,/c/en/cover,/c/en/under,0.64
475,"/a/[/r/RelatedTo/,/c/en/cover/n/,/c/en/bed/]",/r/RelatedTo,/c/en/cover/n,/c/en/bed,1.0
476,"/a/[/r/RelatedTo/,/c/en/cover/n/,/c/en/car/]",/r/RelatedTo,/c/en/cover/n,/c/en/car,1.0
477,"/a/[/r/RelatedTo/,/c/en/cover/n/,/c/en/position/]",/r/RelatedTo,/c/en/cover/n,/c/en/position,1.0
478,"/a/[/r/RelatedTo/,/c/en/cover/n/,/c/en/setting/]",/r/RelatedTo,/c/en/cover/n,/c/en/setting,1.0
479,"/a/[/r/RelatedTo/,/c/en/cover/n/,/c/en/sofa/]",/r/RelatedTo,/c/en/cover/n,/c/en/sofa,1.0
480,"/a/[/r/RelatedTo/,/c/en/cover/v/,/c/en/over/]",/r/RelatedTo,/c/en/cover/v,/c/en/over,1.0
481,"/a/[/r/RelatedTo/,/c/en/cover/v/,/c/en/place/]",/r/RelatedTo,/c/en/cover/v,/c/en/place,1.0
482,"/a/[/r/RelatedTo/,/c/en/crown/,/c/en/above/]",/r/RelatedTo,/c/en/crown,/c/en/above,0.121
483,"/a/[/r/RelatedTo/,/c/en/crown/,/c/en/cover/]",/r/RelatedTo,/c/en/crown,/c/en/cover,0.342
484,"/a/[/r/RelatedTo/,/c/en/crown/,/c/en/has/]",/r/RelatedTo,/c/en/crown,/c/en/has,0.368
485,"/a/[/r/RelatedTo/,/c/en/crown/,/c/en/hat/]",/r/RelatedTo,/c/en/crown,/c/en/hat,9.199
486,"/a/[/r/RelatedTo/,/c/en/crown/,/c/en/inside/]",/r/RelatedTo,/c/en/crown,/c/en/inside,0.122
487,"/a/[/r/RelatedTo/,/c/en/crown/,/c/en/tower/]",/r/RelatedTo,/c/en/crown,/c/en/tower,0.162
488,"/a/[/r/RelatedTo/,/c/en/crown/,/c/en/wear/]",/r/RelatedTo,/c/en/crown,/c/en/wear,2.812
489,"/a/[/r/RelatedTo/,/c/en/cup/,/c/en/cabinet/]",/r/RelatedTo,/c/en/cup,/c/en/cabinet,0.202
490,"/a/[/r/RelatedTo/,/c/en/cup/,/c/en/glass/]",/r/RelatedTo,/c/en/cup,/c/en/glass,0.424
491,"/a/[/r/RelatedTo/,/c/en/cup/,/c/en/inside/]",/r/RelatedTo,/c/en/cup,/c/en/inside,0.106
492,"/a/[/r/RelatedTo/,/c/en/cup/n/,/c/en/box/]",/r/RelatedTo,/c/en/cup/n,/c/en/box,1.0
493,"/a/[/r/RelatedTo/,/c/en/cup/n/,/c/en/glass/]",/r/RelatedTo,/c/en/cup/n,/c/en/glass,1.0
494,"/a/[/r/RelatedTo/,/c/en/cup_of_tea/n/,/c/en/cup/]",/r/RelatedTo,/c/en/cup_of_tea/n,/c/en/cup,1.0
495,"/a/[/r/RelatedTo/,/c/en/desk/,/c/en/above/]",/r/RelatedTo,/c/en/desk,/c/en/above,0.484
496,"/a/[/r/RelatedTo/,/c/en/desk/,/c/en/box/]",/r/RelatedTo,/c/en/desk,/c/en/box,0.106
497,"/a/[/r/RelatedTo/,/c/en/desk/,/c/en/chair/]",/r/RelatedTo,/c/en/desk,/c/en/chair,2.847
498,"/a/[/r/RelatedTo/,/c/en/desk/,/c/en/computer/]",/r/RelatedTo,/c/en/desk,/c/en/computer,3.834
499,"/a/[/r/RelatedTo/,/c/en/desk/,/c/en/inside/]",/r/RelatedTo,/c/en/desk,/c/en/inside,0.176
500,"/a/[/r/RelatedTo/,/c/en/desk/,/c/en/lamp/]",/r/RelatedTo,/c/en/desk,/c/en/lamp,0.486
501,"/a/[/r/RelatedTo/,/c/en/desk/,/c/en/place/]",/r/RelatedTo,/c/en/desk,/c/en/place,1.816
502,"/a/[/r/RelatedTo/,/c/en/desk/,/c/en/table/]",/r/RelatedTo,/c/en/desk,/c/en/table,7.9
503,"/a/[/r/RelatedTo/,/c/en/desk/n/,/c/en/table/]",/r/RelatedTo,/c/en/desk/n,/c/en/table,1.0
504,"/a/[/r/RelatedTo/,/c/en/dog/,/c/en/cat/]",/r/RelatedTo,/c/en/dog,/c/en/cat,3.622
505,"/a/[/r/RelatedTo/,/c/en/dog/,/c/en/horse/]",/r/RelatedTo,/c/en/dog,/c/en/horse,0.333
506,"/a/[/r/RelatedTo/,/c/en/dog/,/c/en/on/]",/r/RelatedTo,/c/en/dog,/c/en/on,1.0
507,"/a/[/r/RelatedTo/,/c/en/dog/n/,/c/en/cone/]",/r/RelatedTo,/c/en/dog/n,/c/en/cone,1.0
508,"/a/[/r/RelatedTo/,/c/en/dog/n/,/c/en/phone/]",/r/RelatedTo,/c/en/dog/n,/c/en/phone,1.0
509,"/a/[/r/RelatedTo/,/c/en/drive/,/c/en/behind/]",/r/RelatedTo,/c/en/drive,/c/en/behind,0.142
510,"/a/[/r/RelatedTo/,/c/en/drive/,/c/en/bus/]",/r/RelatedTo,/c/en/drive,/c/en/bus,0.276
511,"/a/[/r/RelatedTo/,/c/en/drive/,/c/en/car/]",/r/RelatedTo,/c/en/drive,/c/en/car,10.472
512,"/a/[/r/RelatedTo/,/c/en/drive/,/c/en/hit/]",/r/RelatedTo,/c/en/drive,/c/en/hit,0.162
513,"/a/[/r/RelatedTo/,/c/en/drive/,/c/en/person/]",/r/RelatedTo,/c/en/drive,/c/en/person,0.142
514,"/a/[/r/RelatedTo/,/c/en/drive/,/c/en/ride/]",/r/RelatedTo,/c/en/drive,/c/en/ride,0.781
515,"/a/[/r/RelatedTo/,/c/en/drive/,/c/en/road/]",/r/RelatedTo,/c/en/drive,/c/en/road,0.807
516,"/a/[/r/RelatedTo/,/c/en/drive/,/c/en/side/]",/r/RelatedTo,/c/en/drive,/c/en/side,0.139
517,"/a/[/r/RelatedTo/,/c/en/drive/,/c/en/steering_wheel/]",/r/RelatedTo,/c/en/drive,/c/en/steering_wheel,0.651
518,"/a/[/r/RelatedTo/,/c/en/drive/,/c/en/street/]",/r/RelatedTo,/c/en/drive,/c/en/street,0.42
519,"/a/[/r/RelatedTo/,/c/en/drive/,/c/en/use/]",/r/RelatedTo,/c/en/drive,/c/en/use,0.559
520,"/a/[/r/RelatedTo/,/c/en/drive/,/c/en/wheel/]",/r/RelatedTo,/c/en/drive,/c/en/wheel,0.914
521,"/a/[/r/RelatedTo/,/c/en/drive/n/,/c/en/ball/]",/r/RelatedTo,/c/en/drive/n,/c/en/ball,1.0
522,"/a/[/r/RelatedTo/,/c/en/drive/n/,/c/en/cover/]",/r/RelatedTo,/c/en/drive/n,/c/en/cover,1.0
523,"/a/[/r/RelatedTo/,/c/en/drive/v/,/c/en/ball/]",/r/RelatedTo,/c/en/drive/v,/c/en/ball,1.0
524,"/a/[/r/RelatedTo/,/c/en/drive/v/,/c/en/hit/]",/r/RelatedTo,/c/en/drive/v,/c/en/hit,1.0
525,"/a/[/r/RelatedTo/,/c/en/earphone/n/,/c/en/telephone/]",/r/RelatedTo,/c/en/earphone/n,/c/en/telephone,1.0
526,"/a/[/r/RelatedTo/,/c/en/eat/,/c/en/feed/]",/r/RelatedTo,/c/en/eat,/c/en/feed,0.494
527,"/a/[/r/RelatedTo/,/c/en/eat/,/c/en/table/]",/r/RelatedTo,/c/en/eat,/c/en/table,0.117
528,"/a/[/r/RelatedTo/,/c/en/eatage/n/,/c/en/grass/]",/r/RelatedTo,/c/en/eatage/n,/c/en/grass,1.0
529,"/a/[/r/RelatedTo/,/c/en/eatage/n/,/c/en/horse/]",/r/RelatedTo,/c/en/eatage/n,/c/en/horse,1.0
530,"/a/[/r/RelatedTo/,/c/en/elephant/,/c/en/elephant/]",/r/RelatedTo,/c/en/elephant,/c/en/elephant,0.5
531,"/a/[/r/RelatedTo/,/c/en/elephant/,/c/en/has/]",/r/RelatedTo,/c/en/elephant,/c/en/has,0.135
532,"/a/[/r/RelatedTo/,/c/en/engine/,/c/en/car/]",/r/RelatedTo,/c/en/engine,/c/en/car,1.876
533,"/a/[/r/RelatedTo/,/c/en/engine/n/,/c/en/car/]",/r/RelatedTo,/c/en/engine/n,/c/en/car,1.0
534,"/a/[/r/RelatedTo/,/c/en/engine/n/,/c/en/construction/]",/r/RelatedTo,/c/en/engine/n,/c/en/construction,1.0
535,"/a/[/r/RelatedTo/,/c/en/engine/n/,/c/en/locomotive/]",/r/RelatedTo,/c/en/engine/n,/c/en/locomotive,1.0
536,"/a/[/r/RelatedTo/,/c/en/face/,/c/en/above/]",/r/RelatedTo,/c/en/face,/c/en/above,0.3
537,"/a/[/r/RelatedTo/,/c/en/face/,/c/en/below/]",/r/RelatedTo,/c/en/face,/c/en/below,0.137
538,"/a/[/r/RelatedTo/,/c/en/face/,/c/en/eat/]",/r/RelatedTo,/c/en/face,/c/en/eat,0.115
539,"/a/[/r/RelatedTo/,/c/en/face/,/c/en/expression/]",/r/RelatedTo,/c/en/face,/c/en/expression,0.112
540,"/a/[/r/RelatedTo/,/c/en/face/,/c/en/has/]",/r/RelatedTo,/c/en/face,/c/en/has,0.353
541,"/a/[/r/RelatedTo/,/c/en/face/,/c/en/person/]",/r/RelatedTo,/c/en/face,/c/en/person,0.141
542,"/a/[/r/RelatedTo/,/c/en/face/,/c/en/plate/]",/r/RelatedTo,/c/en/face,/c/en/plate,0.145
543,"/a/[/r/RelatedTo/,/c/en/face/n/,/c/en/clock/]",/r/RelatedTo,/c/en/face/n,/c/en/clock,1.0
544,"/a/[/r/RelatedTo/,/c/en/face/n/,/c/en/watch/]",/r/RelatedTo,/c/en/face/n,/c/en/watch,1.0
545,"/a/[/r/RelatedTo/,/c/en/feed/,/c/en/eat/]",/r/RelatedTo,/c/en/feed,/c/en/eat,2.553
546,"/a/[/r/RelatedTo/,/c/en/fly/,/c/en/above/]",/r/RelatedTo,/c/en/fly,/c/en/above,0.106
547,"/a/[/r/RelatedTo/,/c/en/fly/,/c/en/airplane/]",/r/RelatedTo,/c/en/fly,/c/en/airplane,0.856
548,"/a/[/r/RelatedTo/,/c/en/fly/,/c/en/can/]",/r/RelatedTo,/c/en/fly,/c/en/can,0.21
549,"/a/[/r/RelatedTo/,/c/en/fly/,/c/en/has/]",/r/RelatedTo,/c/en/fly,/c/en/has,0.309
550,"/a/[/r/RelatedTo/,/c/en/fly/,/c/en/kite/]",/r/RelatedTo,/c/en/fly,/c/en/kite,0.138
551,"/a/[/r/RelatedTo/,/c/en/fly/,/c/en/plane/]",/r/RelatedTo,/c/en/fly,/c/en/plane,0.411
552,"/a/[/r/RelatedTo/,/c/en/fly/,/c/en/sky/]",/r/RelatedTo,/c/en/fly,/c/en/sky,1.493
553,"/a/[/r/RelatedTo/,/c/en/fly/,/c/en/tie/]",/r/RelatedTo,/c/en/fly,/c/en/tie,0.123
554,"/a/[/r/RelatedTo/,/c/en/fly/,/c/en/trouser/]",/r/RelatedTo,/c/en/fly,/c/en/trouser,0.106
555,"/a/[/r/RelatedTo/,/c/en/fly/,/c/en/use/]",/r/RelatedTo,/c/en/fly,/c/en/use,0.102
556,"/a/[/r/RelatedTo/,/c/en/follow/,/c/en/behind/]",/r/RelatedTo,/c/en/follow,/c/en/behind,1.072
557,"/a/[/r/RelatedTo/,/c/en/follow/,/c/en/walk/]",/r/RelatedTo,/c/en/follow,/c/en/walk,0.173
558,"/a/[/r/RelatedTo/,/c/en/follow/n/,/c/en/ball/]",/r/RelatedTo,/c/en/follow/n,/c/en/ball,1.0
559,"/a/[/r/RelatedTo/,/c/en/follow/v/,/c/en/watch/]",/r/RelatedTo,/c/en/follow/v,/c/en/watch,1.0
560,"/a/[/r/RelatedTo/,/c/en/glass/,/c/en/bottle/]",/r/RelatedTo,/c/en/glass,/c/en/bottle,0.947
561,"/a/[/r/RelatedTo/,/c/en/glass/,/c/en/cover/]",/r/RelatedTo,/c/en/glass,/c/en/cover,0.101
562,"/a/[/r/RelatedTo/,/c/en/glass/,/c/en/cup/]",/r/RelatedTo,/c/en/glass,/c/en/cup,4.134
563,"/a/[/r/RelatedTo/,/c/en/glass/,/c/en/hand/]",/r/RelatedTo,/c/en/glass,/c/en/hand,0.252
564,"/a/[/r/RelatedTo/,/c/en/glass/,/c/en/inside/]",/r/RelatedTo,/c/en/glass,/c/en/inside,0.14
565,"/a/[/r/RelatedTo/,/c/en/glass/,/c/en/plate/]",/r/RelatedTo,/c/en/glass,/c/en/plate,0.129
566,"/a/[/r/RelatedTo/,/c/en/glass/,/c/en/sand/]",/r/RelatedTo,/c/en/glass,/c/en/sand,4.262
567,"/a/[/r/RelatedTo/,/c/en/glass/,/c/en/vase/]",/r/RelatedTo,/c/en/glass,/c/en/vase,0.165
568,"/a/[/r/RelatedTo/,/c/en/glass/n/,/c/en/sand/]",/r/RelatedTo,/c/en/glass/n,/c/en/sand,1.0
569,"/a/[/r/RelatedTo/,/c/en/glasses/n/,/c/en/glass/]",/r/RelatedTo,/c/en/glasses/n,/c/en/glass,1.0
570,"/a/[/r/RelatedTo/,/c/en/grass/,/c/en/cover/]",/r/RelatedTo,/c/en/grass,/c/en/cover,1.401
571,"/a/[/r/RelatedTo/,/c/en/grass/,/c/en/has/]",/r/RelatedTo,/c/en/grass,/c/en/has,0.172
572,"/a/[/r/RelatedTo/,/c/en/grass/,/c/en/plant/]",/r/RelatedTo,/c/en/grass,/c/en/plant,4.923
573,"/a/[/r/RelatedTo/,/c/en/grass/,/c/en/pot/]",/r/RelatedTo,/c/en/grass,/c/en/pot,0.306
574,"/a/[/r/RelatedTo/,/c/en/grass/,/c/en/short/]",/r/RelatedTo,/c/en/grass,/c/en/short,0.144
575,"/a/[/r/RelatedTo/,/c/en/grass/,/c/en/side/]",/r/RelatedTo,/c/en/grass,/c/en/side,0.14
576,"/a/[/r/RelatedTo/,/c/en/grass/,/c/en/under/]",/r/RelatedTo,/c/en/grass,/c/en/under,0.217
577,"/a/[/r/RelatedTo/,/c/en/grass/n/,/c/en/plant/]",/r/RelatedTo,/c/en/grass/n,/c/en/plant,1.0
578,"/a/[/r/RelatedTo/,/c/en/guy/,/c/en/person/]",/r/RelatedTo,/c/en/guy,/c/en/person,0.276
579,"/a/[/r/RelatedTo/,/c/en/hand/,/c/en/above/]",/r/RelatedTo,/c/en/hand,/c/en/above,0.346
580,"/a/[/r/RelatedTo/,/c/en/hand/,/c/en/at/]",/r/RelatedTo,/c/en/hand,/c/en/at,0.256
581,"/a/[/r/RelatedTo/,/c/en/hand/,/c/en/below/]",/r/RelatedTo,/c/en/hand,/c/en/below,1.52
582,"/a/[/r/RelatedTo/,/c/en/hand/,/c/en/face/]",/r/RelatedTo,/c/en/hand,/c/en/face,0.171
583,"/a/[/r/RelatedTo/,/c/en/hand/,/c/en/has/]",/r/RelatedTo,/c/en/hand,/c/en/has,3.57
584,"/a/[/r/RelatedTo/,/c/en/hand/,/c/en/hold/]",/r/RelatedTo,/c/en/hand,/c/en/hold,0.124
585,"/a/[/r/RelatedTo/,/c/en/hand/,/c/en/horse/]",/r/RelatedTo,/c/en/hand,/c/en/horse,0.144
586,"/a/[/r/RelatedTo/,/c/en/hand/,/c/en/inside/]",/r/RelatedTo,/c/en/hand,/c/en/inside,0.136
587,"/a/[/r/RelatedTo/,/c/en/hand/,/c/en/over/]",/r/RelatedTo,/c/en/hand,/c/en/over,0.314
588,"/a/[/r/RelatedTo/,/c/en/hand/,/c/en/place/]",/r/RelatedTo,/c/en/hand,/c/en/place,0.235
589,"/a/[/r/RelatedTo/,/c/en/hand/,/c/en/touch/]",/r/RelatedTo,/c/en/hand,/c/en/touch,0.762
590,"/a/[/r/RelatedTo/,/c/en/hand/,/c/en/under/]",/r/RelatedTo,/c/en/hand,/c/en/under,0.316
591,"/a/[/r/RelatedTo/,/c/en/hand/n/,/c/en/clock/]",/r/RelatedTo,/c/en/hand/n,/c/en/clock,1.0
592,"/a/[/r/RelatedTo/,/c/en/hand/n/,/c/en/face/]",/r/RelatedTo,/c/en/hand/n,/c/en/face,1.0
593,"/a/[/r/RelatedTo/,/c/en/hand/n/,/c/en/side/]",/r/RelatedTo,/c/en/hand/n,/c/en/side,1.0
594,"/a/[/r/RelatedTo/,/c/en/hand/n/,/c/en/touch/]",/r/RelatedTo,/c/en/hand/n,/c/en/touch,1.0
595,"/a/[/r/RelatedTo/,/c/en/handcart/n/,/c/en/cart/]",/r/RelatedTo,/c/en/handcart/n,/c/en/cart,1.0
596,"/a/[/r/RelatedTo/,/c/en/handcart/n/,/c/en/hand/]",/r/RelatedTo,/c/en/handcart/n,/c/en/hand,1.0
597,"/a/[/r/RelatedTo/,/c/en/handcart/n/,/c/en/pull/]",/r/RelatedTo,/c/en/handcart/n,/c/en/pull,1.0
598,"/a/[/r/RelatedTo/,/c/en/handwriting/n/,/c/en/person/]",/r/RelatedTo,/c/en/handwriting/n,/c/en/person,1.0
599,"/a/[/r/RelatedTo/,/c/en/hat/,/c/en/wear/]",/r/RelatedTo,/c/en/hat,/c/en/wear,0.26
600,"/a/[/r/RelatedTo/,/c/en/helmet/,/c/en/construction/]",/r/RelatedTo,/c/en/helmet,/c/en/construction,0.157
601,"/a/[/r/RelatedTo/,/c/en/helmet/,/c/en/hat/]",/r/RelatedTo,/c/en/helmet,/c/en/hat,0.806
602,"/a/[/r/RelatedTo/,/c/en/helmet/,/c/en/motorcycle/]",/r/RelatedTo,/c/en/helmet,/c/en/motorcycle,0.226
603,"/a/[/r/RelatedTo/,/c/en/helmet/,/c/en/wear/]",/r/RelatedTo,/c/en/helmet,/c/en/wear,0.194
604,"/a/[/r/RelatedTo/,/c/en/hold/,/c/en/carry/]",/r/RelatedTo,/c/en/hold,/c/en/carry,1.247
605,"/a/[/r/RelatedTo/,/c/en/hold/,/c/en/contain/]",/r/RelatedTo,/c/en/hold,/c/en/contain,0.204
606,"/a/[/r/RelatedTo/,/c/en/hold/,/c/en/hand/]",/r/RelatedTo,/c/en/hold,/c/en/hand,1.653
607,"/a/[/r/RelatedTo/,/c/en/hold/,/c/en/phone/]",/r/RelatedTo,/c/en/hold,/c/en/phone,0.179
608,"/a/[/r/RelatedTo/,/c/en/hold/,/c/en/touch/]",/r/RelatedTo,/c/en/hold,/c/en/touch,0.168
609,"/a/[/r/RelatedTo/,/c/en/home_plate/n/,/c/en/ball/]",/r/RelatedTo,/c/en/home_plate/n,/c/en/ball,1.0
610,"/a/[/r/RelatedTo/,/c/en/horse/,/c/en/dog/]",/r/RelatedTo,/c/en/horse,/c/en/dog,0.266
611,"/a/[/r/RelatedTo/,/c/en/horse/,/c/en/face/]",/r/RelatedTo,/c/en/horse,/c/en/face,0.352
612,"/a/[/r/RelatedTo/,/c/en/horse/,/c/en/has/]",/r/RelatedTo,/c/en/horse,/c/en/has,0.405
613,"/a/[/r/RelatedTo/,/c/en/horse/,/c/en/horse/]",/r/RelatedTo,/c/en/horse,/c/en/horse,0.5
614,"/a/[/r/RelatedTo/,/c/en/horse/,/c/en/pull/]",/r/RelatedTo,/c/en/horse,/c/en/pull,0.141
615,"/a/[/r/RelatedTo/,/c/en/horse/,/c/en/ride/]",/r/RelatedTo,/c/en/horse,/c/en/ride,3.247
616,"/a/[/r/RelatedTo/,/c/en/horse/,/c/en/shoes/]",/r/RelatedTo,/c/en/horse,/c/en/shoes,0.317
617,"/a/[/r/RelatedTo/,/c/en/horse/,/c/en/stadium/]",/r/RelatedTo,/c/en/horse,/c/en/stadium,0.124
618,"/a/[/r/RelatedTo/,/c/en/in/,/c/en/contain/]",/r/RelatedTo,/c/en/in,/c/en/contain,1.0
619,"/a/[/r/RelatedTo/,/c/en/in/,/c/en/place/]",/r/RelatedTo,/c/en/in,/c/en/place,0.27
620,"/a/[/r/RelatedTo/,/c/en/in/,/c/en/position/]",/r/RelatedTo,/c/en/in,/c/en/position,0.283
621,"/a/[/r/RelatedTo/,/c/en/in/,/c/en/short/]",/r/RelatedTo,/c/en/in,/c/en/short,0.208
